[INFO] Scanning for projects...
[INFO] 
[INFO] --------------------------< com.JKShian:ARMS >--------------------------
[INFO] Building ARMS 0.0.1-SNAPSHOT
[INFO]   from pom.xml
[INFO] --------------------------------[ jar ]---------------------------------
[INFO] 
[INFO] >>> spring-boot:3.5.0:run (default-cli) > test-compile @ ARMS >>>
[INFO] 
[INFO] --- resources:3.3.1:resources (default-resources) @ ARMS ---
[INFO] Copying 1 resource from src\main\resources to target\classes
[INFO] Copying 94 resources from src\main\resources to target\classes
[INFO] 
[INFO] --- compiler:3.14.0:compile (default-compile) @ ARMS ---
[INFO] Nothing to compile - all classes are up to date.
[INFO] 
[INFO] --- resources:3.3.1:testResources (default-testResources) @ ARMS ---
[INFO] skip non existing resourceDirectory C:\Users\Dell\Desktop\Airline-Reservation-Management-System\src\test\resources
[INFO] 
[INFO] --- compiler:3.14.0:testCompile (default-testCompile) @ ARMS ---
[INFO] Recompiling the module because of changed source code.
[INFO] Compiling 1 source file with javac [debug parameters release 21] to target\test-classes
[INFO] 
[INFO] <<< spring-boot:3.5.0:run (default-cli) < test-compile @ ARMS <<<
[INFO] 
[INFO] 
[INFO] --- spring-boot:3.5.0:run (default-cli) @ ARMS ---
[INFO] Attaching agents: []

  .   ____          _            __ _ _
 /\\ / ___'_ __ _ _(_)_ __  __ _ \ \ \ \
( ( )\___ | '_ | '_| | '_ \/ _` | \ \ \ \
 \\/  ___)| |_)| | | | | || (_| |  ) ) ) )
  '  |____| .__|_| |_|_| |_\__, | / / / /
 =========|_|==============|___/=/_/_/_/

 :: Spring Boot ::                (v3.5.0)

2026-05-15T17:20:53.799+05:30  INFO 16192 --- [           main] com.jkshian.arms.ArmsApplication         : Starting ArmsApplication using Java 25.0.2 with PID 16192 (C:\Users\Dell\Desktop\Airline-Reservation-Management-System\target\classes started by Dell in C:\Users\Dell\Desktop\Airline-Reservation-Management-System)
2026-05-15T17:20:53.804+05:30  INFO 16192 --- [           main] com.jkshian.arms.ArmsApplication         : No active profile set, falling back to 1 default profile: "default"
2026-05-15T17:20:53.805+05:30 DEBUG 16192 --- [           main] o.s.boot.SpringApplication               : Loading source class com.jkshian.arms.ArmsApplication
2026-05-15T17:20:53.906+05:30 DEBUG 16192 --- [           main] ConfigServletWebServerApplicationContext : Refreshing org.springframework.boot.web.servlet.context.AnnotationConfigServletWebServerApplicationContext@dc7df28
2026-05-15T17:20:55.387+05:30  INFO 16192 --- [           main] .s.d.r.c.RepositoryConfigurationDelegate : Bootstrapping Spring Data JPA repositories in DEFAULT mode.
2026-05-15T17:20:55.432+05:30 DEBUG 16192 --- [           main] o.s.b.a.AutoConfigurationPackages        : @EnableAutoConfiguration was declared on a class in the package 'com.jkshian.arms'. Automatic @Repository and @Entity scanning is enabled.
2026-05-15T17:20:55.524+05:30  INFO 16192 --- [           main] .s.d.r.c.RepositoryConfigurationDelegate : Finished Spring Data repository scanning in 116 ms. Found 3 JPA repository interfaces.
2026-05-15T17:20:56.584+05:30 DEBUG 16192 --- [           main] .s.b.w.e.t.TomcatServletWebServerFactory : Code archive: C:\Users\Dell\.m2\repository\org\springframework\boot\spring-boot\3.5.0\spring-boot-3.5.0.jar
2026-05-15T17:20:56.586+05:30 DEBUG 16192 --- [           main] .s.b.w.e.t.TomcatServletWebServerFactory : Code archive: C:\Users\Dell\.m2\repository\org\springframework\boot\spring-boot\3.5.0\spring-boot-3.5.0.jar
2026-05-15T17:20:56.587+05:30 DEBUG 16192 --- [           main] .s.b.w.e.t.TomcatServletWebServerFactory : None of the document roots [src/main/webapp, public, static] point to a directory and will be ignored.
2026-05-15T17:20:56.651+05:30  INFO 16192 --- [           main] o.s.b.w.embedded.tomcat.TomcatWebServer  : Tomcat initialized with port 8090 (http)
2026-05-15T17:20:56.691+05:30  INFO 16192 --- [           main] o.apache.catalina.core.StandardService   : Starting service [Tomcat]
2026-05-15T17:20:56.691+05:30  INFO 16192 --- [           main] o.apache.catalina.core.StandardEngine    : Starting Servlet engine: [Apache Tomcat/10.1.41]
2026-05-15T17:20:56.835+05:30  INFO 16192 --- [           main] o.a.c.c.C.[Tomcat].[localhost].[/]       : Initializing Spring embedded WebApplicationContext
2026-05-15T17:20:56.836+05:30 DEBUG 16192 --- [           main] w.s.c.ServletWebServerApplicationContext : Published root WebApplicationContext as ServletContext attribute with name [org.springframework.web.context.WebApplicationContext.ROOT]
2026-05-15T17:20:56.850+05:30  INFO 16192 --- [           main] w.s.c.ServletWebServerApplicationContext : Root WebApplicationContext: initialization completed in 2930 ms
2026-05-15T17:20:56.949+05:30  INFO 16192 --- [           main] com.zaxxer.hikari.HikariDataSource       : HikariPool-1 - Starting...
2026-05-15T17:20:58.074+05:30  INFO 16192 --- [           main] com.zaxxer.hikari.pool.HikariPool        : HikariPool-1 - Added connection com.mysql.cj.jdbc.ConnectionImpl@5b5f9003
2026-05-15T17:20:58.078+05:30  INFO 16192 --- [           main] com.zaxxer.hikari.HikariDataSource       : HikariPool-1 - Start completed.
2026-05-15T17:20:58.345+05:30  INFO 16192 --- [           main] o.hibernate.jpa.internal.util.LogHelper  : HHH000204: Processing PersistenceUnitInfo [name: default]
2026-05-15T17:20:58.544+05:30  INFO 16192 --- [           main] org.hibernate.Version                    : HHH000412: Hibernate ORM core version 6.6.15.Final
2026-05-15T17:20:58.665+05:30  INFO 16192 --- [           main] o.h.c.internal.RegionFactoryInitiator    : HHH000026: Second-level cache disabled
2026-05-15T17:20:59.378+05:30  INFO 16192 --- [           main] o.s.o.j.p.SpringPersistenceUnitInfo      : No LoadTimeWeaver setup: ignoring JPA class transformer
2026-05-15T17:20:59.728+05:30  INFO 16192 --- [           main] org.hibernate.orm.connections.pooling    : HHH10001005: Database info:
	Database JDBC URL [Connecting through datasource 'HikariDataSource (HikariPool-1)']
	Database driver: undefined/unknown
	Database version: 8.0.43
	Autocommit mode: undefined/unknown
	Isolation level: undefined/unknown
	Minimum pool size: undefined/unknown
	Maximum pool size: undefined/unknown
2026-05-15T17:21:01.304+05:30  INFO 16192 --- [           main] o.h.e.t.j.p.i.JtaPlatformInitiator       : HHH000489: No JTA platform available (set 'hibernate.transaction.jta.platform' to enable JTA platform integration)
2026-05-15T17:21:01.533+05:30  INFO 16192 --- [           main] j.LocalContainerEntityManagerFactoryBean : Initialized JPA EntityManagerFactory for persistence unit 'default'
2026-05-15T17:21:02.081+05:30 DEBUG 16192 --- [           main] o.s.b.w.s.ServletContextInitializerBeans : Mapping filters: springSecurityFilterChain urls=[/*] order=-100, characterEncodingFilter urls=[/*] order=-2147483648, formContentFilter urls=[/*] order=-9900, requestContextFilter urls=[/*] order=-105, jwtAuthenticationFilter urls=[/*] order=2147483647
2026-05-15T17:21:02.082+05:30 DEBUG 16192 --- [           main] o.s.b.w.s.ServletContextInitializerBeans : Mapping servlets: dispatcherServlet urls=[/]
2026-05-15T17:21:02.119+05:30 DEBUG 16192 --- [           main] o.s.b.w.s.f.OrderedRequestContextFilter  : Filter 'requestContextFilter' configured for use
2026-05-15T17:21:02.120+05:30 DEBUG 16192 --- [           main] s.b.w.s.f.OrderedCharacterEncodingFilter : Filter 'characterEncodingFilter' configured for use
2026-05-15T17:21:02.121+05:30 DEBUG 16192 --- [           main] .DelegatingFilterProxyRegistrationBean$1 : Filter 'springSecurityFilterChain' configured for use
2026-05-15T17:21:02.121+05:30 DEBUG 16192 --- [           main] o.s.b.w.s.f.OrderedFormContentFilter     : Filter 'formContentFilter' configured for use
2026-05-15T17:21:02.242+05:30  INFO 16192 --- [           main] eAuthenticationProviderManagerConfigurer : Global AuthenticationManager configured with AuthenticationProvider bean with name authenticationProvider
2026-05-15T17:21:02.244+05:30  WARN 16192 --- [           main] r$InitializeUserDetailsManagerConfigurer : Global AuthenticationManager configured with an AuthenticationProvider bean. UserDetailsService beans will not be used by Spring Security for automatically configuring username/password login. Consider removing the AuthenticationProvider bean. Alternatively, consider using the UserDetailsService in a manually instantiated DaoAuthenticationProvider. If the current configuration is intentional, to turn off this warning, increase the logging level of 'org.springframework.security.config.annotation.authentication.configuration.InitializeUserDetailsBeanManagerConfigurer' to ERROR
2026-05-15T17:21:02.310+05:30  INFO 16192 --- [           main] o.s.d.j.r.query.QueryEnhancerFactory     : Hibernate is in classpath; If applicable, HQL parser will be used.
WARNING: A terminally deprecated method in sun.misc.Unsafe has been called
WARNING: sun.misc.Unsafe::staticFieldOffset has been called by org.modelmapper.internal.typetools.TypeResolver (file:/C:/Users/Dell/.m2/repository/org/modelmapper/modelmapper/3.0.0/modelmapper-3.0.0.jar)
WARNING: Please consider reporting this to the maintainers of class org.modelmapper.internal.typetools.TypeResolver
WARNING: sun.misc.Unsafe::staticFieldOffset will be removed in a future release
2026-05-15T17:21:03.474+05:30 DEBUG 16192 --- [           main] s.w.s.m.m.a.RequestMappingHandlerMapping : 47 mappings in 'requestMappingHandlerMapping'
2026-05-15T17:21:03.653+05:30 DEBUG 16192 --- [           main] o.s.w.s.handler.SimpleUrlHandlerMapping  : Patterns [/webjars/**, /**] in 'resourceHandlerMapping'
2026-05-15T17:21:04.136+05:30 DEBUG 16192 --- [           main] s.w.s.m.m.a.RequestMappingHandlerAdapter : ControllerAdvice beans: 0 @ModelAttribute, 0 @InitBinder, 1 RequestBodyAdvice, 1 ResponseBodyAdvice
2026-05-15T17:21:04.309+05:30 DEBUG 16192 --- [           main] .m.m.a.ExceptionHandlerExceptionResolver : ControllerAdvice beans: 0 @ExceptionHandler, 1 ResponseBodyAdvice
2026-05-15T17:21:04.612+05:30  INFO 16192 --- [           main] o.s.b.w.embedded.tomcat.TomcatWebServer  : Tomcat started on port 8090 (http) with context path '/'
2026-05-15T17:21:04.692+05:30 DEBUG 16192 --- [           main] .s.b.a.l.ConditionEvaluationReportLogger : 


============================
CONDITIONS EVALUATION REPORT
============================


Positive matches:
-----------------

   AopAutoConfiguration matched:
      - @ConditionalOnBooleanProperty (spring.aop.auto=true) matched (OnPropertyCondition)

   AopAutoConfiguration.AspectJAutoProxyingConfiguration matched:
      - @ConditionalOnClass found required class 'org.aspectj.weaver.Advice' (OnClassCondition)

   AopAutoConfiguration.AspectJAutoProxyingConfiguration.CglibAutoProxyConfiguration matched:
      - @ConditionalOnBooleanProperty (spring.aop.proxy-target-class=true) matched (OnPropertyCondition)

   ApplicationAvailabilityAutoConfiguration#applicationAvailability matched:
      - @ConditionalOnMissingBean (types: org.springframework.boot.availability.ApplicationAvailability; SearchStrategy: all) did not find any beans (OnBeanCondition)

   DataSourceAutoConfiguration matched:
      - @ConditionalOnClass found required classes 'javax.sql.DataSource', 'org.springframework.jdbc.datasource.embedded.EmbeddedDatabaseType' (OnClassCondition)
      - @ConditionalOnMissingBean (types: ?; SearchStrategy: all) did not find any beans (OnBeanCondition)

   DataSourceAutoConfiguration.PooledDataSourceConfiguration matched:
      - AnyNestedCondition 1 matched 1 did not; NestedCondition on DataSourceAutoConfiguration.PooledDataSourceCondition.PooledDataSourceAvailable PooledDataSource found supported DataSource; NestedCondition on DataSourceAutoConfiguration.PooledDataSourceCondition.ExplicitType @ConditionalOnProperty (spring.datasource.type) did not find property 'spring.datasource.type' (DataSourceAutoConfiguration.PooledDataSourceCondition)
      - @ConditionalOnMissingBean (types: javax.sql.DataSource,javax.sql.XADataSource; SearchStrategy: all) did not find any beans (OnBeanCondition)

   DataSourceAutoConfiguration.PooledDataSourceConfiguration#jdbcConnectionDetails matched:
      - @ConditionalOnMissingBean (types: org.springframework.boot.autoconfigure.jdbc.JdbcConnectionDetails; SearchStrategy: all) did not find any beans (OnBeanCondition)

   DataSourceConfiguration.Hikari matched:
      - @ConditionalOnClass found required class 'com.zaxxer.hikari.HikariDataSource' (OnClassCondition)
      - @ConditionalOnProperty (spring.datasource.type=com.zaxxer.hikari.HikariDataSource) matched (OnPropertyCondition)
      - @ConditionalOnMissingBean (types: javax.sql.DataSource; SearchStrategy: all) did not find any beans (OnBeanCondition)

   DataSourceInitializationConfiguration matched:
      - @ConditionalOnClass found required class 'org.springframework.jdbc.datasource.init.DatabasePopulator' (OnClassCondition)
      - @ConditionalOnSingleCandidate (types: javax.sql.DataSource; SearchStrategy: all) found a single bean 'dataSource'; @ConditionalOnMissingBean (types: org.springframework.boot.autoconfigure.sql.init.SqlDataSourceScriptDatabaseInitializer,org.springframework.boot.autoconfigure.sql.init.SqlR2dbcScriptDatabaseInitializer; SearchStrategy: all) did not find any beans (OnBeanCondition)

   DataSourcePoolMetadataProvidersConfiguration.HikariPoolDataSourceMetadataProviderConfiguration matched:
      - @ConditionalOnClass found required class 'com.zaxxer.hikari.HikariDataSource' (OnClassCondition)

   DataSourceTransactionManagerAutoConfiguration matched:
      - @ConditionalOnClass found required classes 'javax.sql.DataSource', 'org.springframework.jdbc.core.JdbcTemplate', 'org.springframework.transaction.TransactionManager' (OnClassCondition)

   DataSourceTransactionManagerAutoConfiguration.JdbcTransactionManagerConfiguration matched:
      - @ConditionalOnSingleCandidate (types: javax.sql.DataSource; SearchStrategy: all) found a single bean 'dataSource' (OnBeanCondition)

   DispatcherServletAutoConfiguration matched:
      - @ConditionalOnClass found required class 'org.springframework.web.servlet.DispatcherServlet' (OnClassCondition)
      - found 'session' scope (OnWebApplicationCondition)

   DispatcherServletAutoConfiguration.DispatcherServletConfiguration matched:
      - @ConditionalOnClass found required class 'jakarta.servlet.ServletRegistration' (OnClassCondition)
      - Default DispatcherServlet did not find dispatcher servlet beans (DispatcherServletAutoConfiguration.DefaultDispatcherServletCondition)

   DispatcherServletAutoConfiguration.DispatcherServletRegistrationConfiguration matched:
      - @ConditionalOnClass found required class 'jakarta.servlet.ServletRegistration' (OnClassCondition)
      - DispatcherServlet Registration did not find servlet registration bean (DispatcherServletAutoConfiguration.DispatcherServletRegistrationCondition)

   DispatcherServletAutoConfiguration.DispatcherServletRegistrationConfiguration#dispatcherServletRegistration matched:
      - @ConditionalOnBean (names: dispatcherServlet types: org.springframework.web.servlet.DispatcherServlet; SearchStrategy: all) found bean 'dispatcherServlet' (OnBeanCondition)

   EmbeddedWebServerFactoryCustomizerAutoConfiguration matched:
      - @ConditionalOnWebApplication (required) found 'session' scope (OnWebApplicationCondition)
      - @ConditionalOnWarDeployment the application is not deployed as a WAR file. (OnWarDeploymentCondition)

   EmbeddedWebServerFactoryCustomizerAutoConfiguration.TomcatWebServerFactoryCustomizerConfiguration matched:
      - @ConditionalOnClass found required classes 'org.apache.catalina.startup.Tomcat', 'org.apache.coyote.UpgradeProtocol' (OnClassCondition)

   ErrorMvcAutoConfiguration matched:
      - @ConditionalOnClass found required classes 'jakarta.servlet.Servlet', 'org.springframework.web.servlet.DispatcherServlet' (OnClassCondition)
      - found 'session' scope (OnWebApplicationCondition)

   ErrorMvcAutoConfiguration#basicErrorController matched:
      - @ConditionalOnMissingBean (types: org.springframework.boot.web.servlet.error.ErrorController; SearchStrategy: current) did not find any beans (OnBeanCondition)

   ErrorMvcAutoConfiguration#errorAttributes matched:
      - @ConditionalOnMissingBean (types: org.springframework.boot.web.servlet.error.ErrorAttributes; SearchStrategy: current) did not find any beans (OnBeanCondition)

   ErrorMvcAutoConfiguration.DefaultErrorViewResolverConfiguration#conventionErrorViewResolver matched:
      - @ConditionalOnBean (types: org.springframework.web.servlet.DispatcherServlet; SearchStrategy: all) found bean 'dispatcherServlet'; @ConditionalOnMissingBean (types: org.springframework.boot.autoconfigure.web.servlet.error.ErrorViewResolver; SearchStrategy: all) did not find any beans (OnBeanCondition)

   ErrorMvcAutoConfiguration.WhitelabelErrorViewConfiguration matched:
      - @ConditionalOnBooleanProperty (server.error.whitelabel.enabled=true) matched (OnPropertyCondition)
      - ErrorTemplate Missing did not find error template view (ErrorMvcAutoConfiguration.ErrorTemplateMissingCondition)

   ErrorMvcAutoConfiguration.WhitelabelErrorViewConfiguration#beanNameViewResolver matched:
      - @ConditionalOnMissingBean (types: org.springframework.web.servlet.view.BeanNameViewResolver; SearchStrategy: all) did not find any beans (OnBeanCondition)

   ErrorMvcAutoConfiguration.WhitelabelErrorViewConfiguration#defaultErrorView matched:
      - @ConditionalOnMissingBean (names: error; SearchStrategy: all) did not find any beans (OnBeanCondition)

   GenericCacheConfiguration matched:
      - Cache org.springframework.boot.autoconfigure.cache.GenericCacheConfiguration automatic cache type (CacheCondition)

   HibernateJpaAutoConfiguration matched:
      - @ConditionalOnClass found required classes 'org.springframework.orm.jpa.LocalContainerEntityManagerFactoryBean', 'jakarta.persistence.EntityManager', 'org.hibernate.engine.spi.SessionImplementor' (OnClassCondition)

   HibernateJpaConfiguration matched:
      - @ConditionalOnSingleCandidate (types: javax.sql.DataSource; SearchStrategy: all) found a single bean 'dataSource' (OnBeanCondition)

   HttpClientAutoConfiguration matched:
      - @ConditionalOnClass found required class 'org.springframework.http.client.ClientHttpRequestFactory' (OnClassCondition)
      - NoneNestedConditions 0 matched 1 did not; NestedCondition on NotReactiveWebApplicationCondition.ReactiveWebApplication did not find reactive web application classes (NotReactiveWebApplicationCondition)

   HttpClientAutoConfiguration#clientHttpRequestFactoryBuilder matched:
      - @ConditionalOnMissingBean (types: org.springframework.boot.http.client.ClientHttpRequestFactoryBuilder<?>; SearchStrategy: all) did not find any beans (OnBeanCondition)

   HttpClientAutoConfiguration#clientHttpRequestFactorySettings matched:
      - @ConditionalOnMissingBean (types: org.springframework.boot.http.client.ClientHttpRequestFactorySettings; SearchStrategy: all) did not find any beans (OnBeanCondition)

   HttpEncodingAutoConfiguration matched:
      - @ConditionalOnClass found required class 'org.springframework.web.filter.CharacterEncodingFilter' (OnClassCondition)
      - found 'session' scope (OnWebApplicationCondition)
      - @ConditionalOnBooleanProperty (server.servlet.encoding.enabled=true) matched (OnPropertyCondition)

   HttpEncodingAutoConfiguration#characterEncodingFilter matched:
      - @ConditionalOnMissingBean (types: org.springframework.web.filter.CharacterEncodingFilter; SearchStrategy: all) did not find any beans (OnBeanCondition)

   HttpMessageConvertersAutoConfiguration matched:
      - @ConditionalOnClass found required class 'org.springframework.http.converter.HttpMessageConverter' (OnClassCondition)
      - NoneNestedConditions 0 matched 1 did not; NestedCondition on HttpMessageConvertersAutoConfiguration.NotReactiveWebApplicationCondition.ReactiveWebApplication did not find reactive web application classes (HttpMessageConvertersAutoConfiguration.NotReactiveWebApplicationCondition)

   HttpMessageConvertersAutoConfiguration#messageConverters matched:
      - @ConditionalOnMissingBean (types: org.springframework.boot.autoconfigure.http.HttpMessageConverters; SearchStrategy: all) did not find any beans (OnBeanCondition)

   HttpMessageConvertersAutoConfiguration.StringHttpMessageConverterConfiguration matched:
      - @ConditionalOnClass found required class 'org.springframework.http.converter.StringHttpMessageConverter' (OnClassCondition)

   HttpMessageConvertersAutoConfiguration.StringHttpMessageConverterConfiguration#stringHttpMessageConverter matched:
      - @ConditionalOnMissingBean (types: org.springframework.http.converter.StringHttpMessageConverter; SearchStrategy: all) did not find any beans (OnBeanCondition)

   JacksonAutoConfiguration matched:
      - @ConditionalOnClass found required class 'com.fasterxml.jackson.databind.ObjectMapper' (OnClassCondition)

   JacksonAutoConfiguration.Jackson2ObjectMapperBuilderCustomizerConfiguration matched:
      - @ConditionalOnClass found required class 'org.springframework.http.converter.json.Jackson2ObjectMapperBuilder' (OnClassCondition)

   JacksonAutoConfiguration.JacksonObjectMapperBuilderConfiguration matched:
      - @ConditionalOnClass found required class 'org.springframework.http.converter.json.Jackson2ObjectMapperBuilder' (OnClassCondition)

   JacksonAutoConfiguration.JacksonObjectMapperBuilderConfiguration#jacksonObjectMapperBuilder matched:
      - @ConditionalOnMissingBean (types: org.springframework.http.converter.json.Jackson2ObjectMapperBuilder; SearchStrategy: all) did not find any beans (OnBeanCondition)

   JacksonAutoConfiguration.JacksonObjectMapperConfiguration matched:
      - @ConditionalOnClass found required class 'org.springframework.http.converter.json.Jackson2ObjectMapperBuilder' (OnClassCondition)

   JacksonAutoConfiguration.JacksonObjectMapperConfiguration#jacksonObjectMapper matched:
      - @ConditionalOnMissingBean (types: com.fasterxml.jackson.databind.ObjectMapper; SearchStrategy: all) did not find any beans (OnBeanCondition)

   JacksonAutoConfiguration.ParameterNamesModuleConfiguration matched:
      - @ConditionalOnClass found required class 'com.fasterxml.jackson.module.paramnames.ParameterNamesModule' (OnClassCondition)

   JacksonAutoConfiguration.ParameterNamesModuleConfiguration#parameterNamesModule matched:
      - @ConditionalOnMissingBean (types: com.fasterxml.jackson.module.paramnames.ParameterNamesModule; SearchStrategy: all) did not find any beans (OnBeanCondition)

   JacksonHttpMessageConvertersConfiguration.MappingJackson2HttpMessageConverterConfiguration matched:
      - @ConditionalOnClass found required class 'com.fasterxml.jackson.databind.ObjectMapper' (OnClassCondition)
      - @ConditionalOnPreferredJsonMapper JACKSON no property was configured and Jackson is the default (OnPreferredJsonMapperCondition)
      - @ConditionalOnBean (types: com.fasterxml.jackson.databind.ObjectMapper; SearchStrategy: all) found bean 'jacksonObjectMapper' (OnBeanCondition)

   JacksonHttpMessageConvertersConfiguration.MappingJackson2HttpMessageConverterConfiguration#mappingJackson2HttpMessageConverter matched:
      - @ConditionalOnMissingBean (types: org.springframework.http.converter.json.MappingJackson2HttpMessageConverter ignored: ?; SearchStrategy: all) did not find any beans (OnBeanCondition)

   JdbcClientAutoConfiguration matched:
      - @ConditionalOnSingleCandidate (types: org.springframework.jdbc.core.namedparam.NamedParameterJdbcTemplate; SearchStrategy: all) found a single bean 'namedParameterJdbcTemplate'; @ConditionalOnMissingBean (types: org.springframework.jdbc.core.simple.JdbcClient; SearchStrategy: all) did not find any beans (OnBeanCondition)

   JdbcTemplateAutoConfiguration matched:
      - @ConditionalOnClass found required classes 'javax.sql.DataSource', 'org.springframework.jdbc.core.JdbcTemplate' (OnClassCondition)
      - @ConditionalOnSingleCandidate (types: javax.sql.DataSource; SearchStrategy: all) found a single bean 'dataSource' (OnBeanCondition)

   JdbcTemplateConfiguration matched:
      - @ConditionalOnMissingBean (types: org.springframework.jdbc.core.JdbcOperations; SearchStrategy: all) did not find any beans (OnBeanCondition)

   JpaBaseConfiguration#entityManagerFactory matched:
      - @ConditionalOnMissingBean (types: org.springframework.orm.jpa.LocalContainerEntityManagerFactoryBean,jakarta.persistence.EntityManagerFactory; SearchStrategy: all) did not find any beans (OnBeanCondition)

   JpaBaseConfiguration#entityManagerFactoryBuilder matched:
      - @ConditionalOnMissingBean (types: org.springframework.boot.orm.jpa.EntityManagerFactoryBuilder; SearchStrategy: all) did not find any beans (OnBeanCondition)

   JpaBaseConfiguration#jpaVendorAdapter matched:
      - @ConditionalOnMissingBean (types: org.springframework.orm.jpa.JpaVendorAdapter; SearchStrategy: all) did not find any beans (OnBeanCondition)

   JpaBaseConfiguration#transactionManager matched:
      - @ConditionalOnMissingBean (types: org.springframework.transaction.TransactionManager; SearchStrategy: all) did not find any beans (OnBeanCondition)

   JpaBaseConfiguration.PersistenceManagedTypesConfiguration matched:
      - @ConditionalOnMissingBean (types: org.springframework.orm.jpa.LocalContainerEntityManagerFactoryBean,jakarta.persistence.EntityManagerFactory; SearchStrategy: all) did not find any beans (OnBeanCondition)

   JpaBaseConfiguration.PersistenceManagedTypesConfiguration#persistenceManagedTypes matched:
      - @ConditionalOnMissingBean (types: org.springframework.orm.jpa.persistenceunit.PersistenceManagedTypes; SearchStrategy: all) did not find any beans (OnBeanCondition)

   JpaRepositoriesAutoConfiguration matched:
      - @ConditionalOnClass found required class 'org.springframework.data.jpa.repository.JpaRepository' (OnClassCondition)
      - @ConditionalOnBooleanProperty (spring.data.jpa.repositories.enabled=true) matched (OnPropertyCondition)
      - @ConditionalOnBean (types: javax.sql.DataSource; SearchStrategy: all) found bean 'dataSource'; @ConditionalOnMissingBean (types: org.springframework.data.jpa.repository.support.JpaRepositoryFactoryBean,org.springframework.data.jpa.repository.config.JpaRepositoryConfigExtension; SearchStrategy: all) did not find any beans (OnBeanCondition)

   JtaAutoConfiguration matched:
      - @ConditionalOnClass found required class 'jakarta.transaction.Transaction' (OnClassCondition)
      - @ConditionalOnBooleanProperty (spring.jta.enabled=true) matched (OnPropertyCondition)

   LifecycleAutoConfiguration#defaultLifecycleProcessor matched:
      - @ConditionalOnMissingBean (names: lifecycleProcessor; SearchStrategy: current) did not find any beans (OnBeanCondition)

   MultipartAutoConfiguration matched:
      - @ConditionalOnClass found required classes 'jakarta.servlet.Servlet', 'org.springframework.web.multipart.support.StandardServletMultipartResolver', 'jakarta.servlet.MultipartConfigElement' (OnClassCondition)
      - found 'session' scope (OnWebApplicationCondition)
      - @ConditionalOnBooleanProperty (spring.servlet.multipart.enabled=true) matched (OnPropertyCondition)

   MultipartAutoConfiguration#multipartConfigElement matched:
      - @ConditionalOnMissingBean (types: jakarta.servlet.MultipartConfigElement; SearchStrategy: all) did not find any beans (OnBeanCondition)

   MultipartAutoConfiguration#multipartResolver matched:
      - @ConditionalOnMissingBean (types: org.springframework.web.multipart.MultipartResolver; SearchStrategy: all) did not find any beans (OnBeanCondition)

   NamedParameterJdbcTemplateConfiguration matched:
      - @ConditionalOnSingleCandidate (types: org.springframework.jdbc.core.JdbcTemplate; SearchStrategy: all) found a single bean 'jdbcTemplate'; @ConditionalOnMissingBean (types: org.springframework.jdbc.core.namedparam.NamedParameterJdbcOperations; SearchStrategy: all) did not find any beans (OnBeanCondition)

   NoOpCacheConfiguration matched:
      - Cache org.springframework.boot.autoconfigure.cache.NoOpCacheConfiguration automatic cache type (CacheCondition)

   PersistenceExceptionTranslationAutoConfiguration matched:
      - @ConditionalOnClass found required class 'org.springframework.dao.annotation.PersistenceExceptionTranslationPostProcessor' (OnClassCondition)

   PersistenceExceptionTranslationAutoConfiguration#persistenceExceptionTranslationPostProcessor matched:
      - @ConditionalOnBooleanProperty (spring.dao.exceptiontranslation.enabled=true) matched (OnPropertyCondition)
      - @ConditionalOnMissingBean (types: org.springframework.dao.annotation.PersistenceExceptionTranslationPostProcessor; SearchStrategy: all) did not find any beans (OnBeanCondition)

   PropertyPlaceholderAutoConfiguration#propertySourcesPlaceholderConfigurer matched:
      - @ConditionalOnMissingBean (types: org.springframework.context.support.PropertySourcesPlaceholderConfigurer; SearchStrategy: current) did not find any beans (OnBeanCondition)

   RestClientAutoConfiguration matched:
      - @ConditionalOnClass found required class 'org.springframework.web.client.RestClient' (OnClassCondition)
      - AnyNestedCondition 1 matched 1 did not; NestedCondition on NotReactiveWebApplicationOrVirtualThreadsExecutorEnabledCondition.VirtualThreadsExecutorEnabled found non-matching nested conditions @ConditionalOnThreading did not find VIRTUAL; NestedCondition on NotReactiveWebApplicationOrVirtualThreadsExecutorEnabledCondition.NotReactiveWebApplication NoneNestedConditions 0 matched 1 did not; NestedCondition on NotReactiveWebApplicationCondition.ReactiveWebApplication did not find reactive web application classes (NotReactiveWebApplicationOrVirtualThreadsExecutorEnabledCondition)

   RestClientAutoConfiguration#httpMessageConvertersRestClientCustomizer matched:
      - @ConditionalOnMissingBean (types: org.springframework.boot.autoconfigure.web.client.HttpMessageConvertersRestClientCustomizer; SearchStrategy: all) did not find any beans (OnBeanCondition)

   RestClientAutoConfiguration#restClientBuilder matched:
      - @ConditionalOnMissingBean (types: org.springframework.web.client.RestClient$Builder; SearchStrategy: all) did not find any beans (OnBeanCondition)

   RestClientAutoConfiguration#restClientBuilderConfigurer matched:
      - @ConditionalOnMissingBean (types: org.springframework.boot.autoconfigure.web.client.RestClientBuilderConfigurer; SearchStrategy: all) did not find any beans (OnBeanCondition)

   RestClientAutoConfiguration#restClientSsl matched:
      - @ConditionalOnBean (types: org.springframework.boot.ssl.SslBundles; SearchStrategy: all) found bean 'sslBundleRegistry'; @ConditionalOnMissingBean (types: org.springframework.boot.autoconfigure.web.client.RestClientSsl; SearchStrategy: all) did not find any beans (OnBeanCondition)

   RestTemplateAutoConfiguration matched:
      - @ConditionalOnClass found required class 'org.springframework.web.client.RestTemplate' (OnClassCondition)
      - NoneNestedConditions 0 matched 1 did not; NestedCondition on NotReactiveWebApplicationCondition.ReactiveWebApplication did not find reactive web application classes (NotReactiveWebApplicationCondition)

   RestTemplateAutoConfiguration#restTemplateBuilder matched:
      - @ConditionalOnMissingBean (types: org.springframework.boot.web.client.RestTemplateBuilder; SearchStrategy: all) did not find any beans (OnBeanCondition)

   SecurityAutoConfiguration matched:
      - @ConditionalOnClass found required class 'org.springframework.security.authentication.DefaultAuthenticationEventPublisher' (OnClassCondition)

   SecurityAutoConfiguration#authenticationEventPublisher matched:
      - @ConditionalOnMissingBean (types: org.springframework.security.authentication.AuthenticationEventPublisher; SearchStrategy: all) did not find any beans (OnBeanCondition)

   SecurityFilterAutoConfiguration matched:
      - @ConditionalOnClass found required classes 'org.springframework.security.web.context.AbstractSecurityWebApplicationInitializer', 'org.springframework.security.config.http.SessionCreationPolicy' (OnClassCondition)
      - found 'session' scope (OnWebApplicationCondition)

   SecurityFilterAutoConfiguration#securityFilterChainRegistration matched:
      - @ConditionalOnBean (names: springSecurityFilterChain; SearchStrategy: all) found bean 'springSecurityFilterChain' (OnBeanCondition)

   ServletWebServerFactoryAutoConfiguration matched:
      - @ConditionalOnClass found required class 'jakarta.servlet.ServletRequest' (OnClassCondition)
      - found 'session' scope (OnWebApplicationCondition)

   ServletWebServerFactoryAutoConfiguration#tomcatServletWebServerFactoryCustomizer matched:
      - @ConditionalOnClass found required class 'org.apache.catalina.startup.Tomcat' (OnClassCondition)

   ServletWebServerFactoryConfiguration.EmbeddedTomcat matched:
      - @ConditionalOnClass found required classes 'jakarta.servlet.Servlet', 'org.apache.catalina.startup.Tomcat', 'org.apache.coyote.UpgradeProtocol' (OnClassCondition)
      - @ConditionalOnMissingBean (types: org.springframework.boot.web.servlet.server.ServletWebServerFactory; SearchStrategy: current) did not find any beans (OnBeanCondition)

   SimpleCacheConfiguration matched:
      - Cache org.springframework.boot.autoconfigure.cache.SimpleCacheConfiguration automatic cache type (CacheCondition)

   SpringBootWebSecurityConfiguration matched:
      - found 'session' scope (OnWebApplicationCondition)

   SpringDataWebAutoConfiguration matched:
      - @ConditionalOnClass found required classes 'org.springframework.data.web.PageableHandlerMethodArgumentResolver', 'org.springframework.web.servlet.config.annotation.WebMvcConfigurer' (OnClassCondition)
      - found 'session' scope (OnWebApplicationCondition)
      - @ConditionalOnMissingBean (types: org.springframework.data.web.PageableHandlerMethodArgumentResolver; SearchStrategy: all) did not find any beans (OnBeanCondition)

   SpringDataWebAutoConfiguration#pageableCustomizer matched:
      - @ConditionalOnMissingBean (types: org.springframework.data.web.config.PageableHandlerMethodArgumentResolverCustomizer; SearchStrategy: all) did not find any beans (OnBeanCondition)

   SpringDataWebAutoConfiguration#sortCustomizer matched:
      - @ConditionalOnMissingBean (types: org.springframework.data.web.config.SortHandlerMethodArgumentResolverCustomizer; SearchStrategy: all) did not find any beans (OnBeanCondition)

   SpringDataWebAutoConfiguration#springDataWebSettings matched:
      - @ConditionalOnMissingBean (types: org.springframework.data.web.config.SpringDataWebSettings; SearchStrategy: all) did not find any beans (OnBeanCondition)

   SqlInitializationAutoConfiguration matched:
      - @ConditionalOnBooleanProperty (spring.sql.init.enabled=true) matched (OnPropertyCondition)
      - NoneNestedConditions 0 matched 1 did not; NestedCondition on SqlInitializationAutoConfiguration.SqlInitializationModeCondition.ModeIsNever @ConditionalOnProperty (spring.sql.init.mode=never) did not find property 'spring.sql.init.mode' (SqlInitializationAutoConfiguration.SqlInitializationModeCondition)

   SslAutoConfiguration#sslBundleRegistry matched:
      - @ConditionalOnMissingBean (types: org.springframework.boot.ssl.SslBundleRegistry,org.springframework.boot.ssl.SslBundles; SearchStrategy: all) did not find any beans (OnBeanCondition)

   TaskExecutionAutoConfiguration matched:
      - @ConditionalOnClass found required class 'org.springframework.scheduling.concurrent.ThreadPoolTaskExecutor' (OnClassCondition)

   TaskExecutorConfigurations.AsyncConfigurerConfiguration matched:
      - @ConditionalOnMissingBean (types: org.springframework.scheduling.annotation.AsyncConfigurer; SearchStrategy: all) did not find any beans (OnBeanCondition)

   TaskExecutorConfigurations.AsyncConfigurerConfiguration#applicationTaskExecutorAsyncConfigurer matched:
      - @ConditionalOnMissingBean (types: org.springframework.scheduling.annotation.AsyncConfigurer; SearchStrategy: all) did not find any beans (OnBeanCondition)

   TaskExecutorConfigurations.SimpleAsyncTaskExecutorBuilderConfiguration#simpleAsyncTaskExecutorBuilder matched:
      - @ConditionalOnMissingBean (types: org.springframework.boot.task.SimpleAsyncTaskExecutorBuilder; SearchStrategy: all) did not find any beans (OnBeanCondition)
      - @ConditionalOnThreading found PLATFORM (OnThreadingCondition)

   TaskExecutorConfigurations.TaskExecutorConfiguration matched:
      - AnyNestedCondition 1 matched 1 did not; NestedCondition on TaskExecutorConfigurations.OnExecutorCondition.ModelCondition @ConditionalOnProperty (spring.task.execution.mode=force) did not find property 'spring.task.execution.mode'; NestedCondition on TaskExecutorConfigurations.OnExecutorCondition.ExecutorBeanCondition @ConditionalOnMissingBean (types: java.util.concurrent.Executor; SearchStrategy: all) did not find any beans (TaskExecutorConfigurations.OnExecutorCondition)

   TaskExecutorConfigurations.TaskExecutorConfiguration#applicationTaskExecutor matched:
      - @ConditionalOnThreading found PLATFORM (OnThreadingCondition)

   TaskExecutorConfigurations.ThreadPoolTaskExecutorBuilderConfiguration#threadPoolTaskExecutorBuilder matched:
      - @ConditionalOnMissingBean (types: org.springframework.boot.task.ThreadPoolTaskExecutorBuilder; SearchStrategy: all) did not find any beans (OnBeanCondition)

   TaskSchedulingAutoConfiguration matched:
      - @ConditionalOnClass found required class 'org.springframework.scheduling.concurrent.ThreadPoolTaskScheduler' (OnClassCondition)

   TaskSchedulingConfigurations.SimpleAsyncTaskSchedulerBuilderConfiguration#simpleAsyncTaskSchedulerBuilder matched:
      - @ConditionalOnMissingBean (types: org.springframework.boot.task.SimpleAsyncTaskSchedulerBuilder; SearchStrategy: all) did not find any beans (OnBeanCondition)
      - @ConditionalOnThreading found PLATFORM (OnThreadingCondition)

   TaskSchedulingConfigurations.ThreadPoolTaskSchedulerBuilderConfiguration#threadPoolTaskSchedulerBuilder matched:
      - @ConditionalOnMissingBean (types: org.springframework.boot.task.ThreadPoolTaskSchedulerBuilder; SearchStrategy: all) did not find any beans (OnBeanCondition)

   TemplateEngineConfigurations.DefaultTemplateEngineConfiguration#templateEngine matched:
      - @ConditionalOnMissingBean (types: org.thymeleaf.spring6.ISpringTemplateEngine; SearchStrategy: all) did not find any beans (OnBeanCondition)

   ThymeleafAutoConfiguration matched:
      - @ConditionalOnClass found required classes 'org.thymeleaf.templatemode.TemplateMode', 'org.thymeleaf.spring6.SpringTemplateEngine' (OnClassCondition)

   ThymeleafAutoConfiguration.DefaultTemplateResolverConfiguration matched:
      - @ConditionalOnMissingBean (names: defaultTemplateResolver; SearchStrategy: all) did not find any beans (OnBeanCondition)

   ThymeleafAutoConfiguration.ThymeleafWebMvcConfiguration matched:
      - found 'session' scope (OnWebApplicationCondition)
      - @ConditionalOnBooleanProperty (spring.thymeleaf.enabled=true) matched (OnPropertyCondition)

   ThymeleafAutoConfiguration.ThymeleafWebMvcConfiguration.ThymeleafViewResolverConfiguration matched:
      - @ConditionalOnClass found required class 'org.springframework.web.servlet.view.AbstractCachingViewResolver' (OnClassCondition)

   ThymeleafAutoConfiguration.ThymeleafWebMvcConfiguration.ThymeleafViewResolverConfiguration#thymeleafViewResolver matched:
      - @ConditionalOnMissingBean (names: thymeleafViewResolver; SearchStrategy: all) did not find any beans (OnBeanCondition)

   TransactionAutoConfiguration matched:
      - @ConditionalOnClass found required class 'org.springframework.transaction.PlatformTransactionManager' (OnClassCondition)

   TransactionAutoConfiguration.EnableTransactionManagementConfiguration matched:
      - @ConditionalOnBean (types: org.springframework.transaction.TransactionManager; SearchStrategy: all) found bean 'transactionManager'; @ConditionalOnMissingBean (types: org.springframework.transaction.annotation.AbstractTransactionManagementConfiguration; SearchStrategy: all) did not find any beans (OnBeanCondition)

   TransactionAutoConfiguration.EnableTransactionManagementConfiguration.CglibAutoProxyConfiguration matched:
      - @ConditionalOnBooleanProperty (spring.aop.proxy-target-class=true) matched (OnPropertyCondition)

   TransactionAutoConfiguration.TransactionTemplateConfiguration matched:
      - @ConditionalOnSingleCandidate (types: org.springframework.transaction.PlatformTransactionManager; SearchStrategy: all) found a single bean 'transactionManager' (OnBeanCondition)

   TransactionAutoConfiguration.TransactionTemplateConfiguration#transactionTemplate matched:
      - @ConditionalOnMissingBean (types: org.springframework.transaction.support.TransactionOperations; SearchStrategy: all) did not find any beans (OnBeanCondition)

   TransactionManagerCustomizationAutoConfiguration matched:
      - @ConditionalOnClass found required class 'org.springframework.transaction.PlatformTransactionManager' (OnClassCondition)

   TransactionManagerCustomizationAutoConfiguration#platformTransactionManagerCustomizers matched:
      - @ConditionalOnMissingBean (types: org.springframework.boot.autoconfigure.transaction.TransactionManagerCustomizers; SearchStrategy: all) did not find any beans (OnBeanCondition)

   WebMvcAutoConfiguration matched:
      - @ConditionalOnClass found required classes 'jakarta.servlet.Servlet', 'org.springframework.web.servlet.DispatcherServlet', 'org.springframework.web.servlet.config.annotation.WebMvcConfigurer' (OnClassCondition)
      - found 'session' scope (OnWebApplicationCondition)
      - @ConditionalOnMissingBean (types: org.springframework.web.servlet.config.annotation.WebMvcConfigurationSupport; SearchStrategy: all) did not find any beans (OnBeanCondition)

   WebMvcAutoConfiguration#formContentFilter matched:
      - @ConditionalOnBooleanProperty (spring.mvc.formcontent.filter.enabled=true) matched (OnPropertyCondition)
      - @ConditionalOnMissingBean (types: org.springframework.web.filter.FormContentFilter; SearchStrategy: all) did not find any beans (OnBeanCondition)

   WebMvcAutoConfiguration.EnableWebMvcConfiguration#flashMapManager matched:
      - @ConditionalOnMissingBean (names: flashMapManager; SearchStrategy: all) did not find any beans (OnBeanCondition)

   WebMvcAutoConfiguration.EnableWebMvcConfiguration#localeResolver matched:
      - @ConditionalOnMissingBean (names: localeResolver; SearchStrategy: all) did not find any beans (OnBeanCondition)

   WebMvcAutoConfiguration.EnableWebMvcConfiguration#themeResolver matched:
      - @ConditionalOnMissingBean (names: themeResolver; SearchStrategy: all) did not find any beans (OnBeanCondition)

   WebMvcAutoConfiguration.EnableWebMvcConfiguration#viewNameTranslator matched:
      - @ConditionalOnMissingBean (names: viewNameTranslator; SearchStrategy: all) did not find any beans (OnBeanCondition)

   WebMvcAutoConfiguration.WebMvcAutoConfigurationAdapter#defaultViewResolver matched:
      - @ConditionalOnMissingBean (types: org.springframework.web.servlet.view.InternalResourceViewResolver; SearchStrategy: all) did not find any beans (OnBeanCondition)

   WebMvcAutoConfiguration.WebMvcAutoConfigurationAdapter#requestContextFilter matched:
      - @ConditionalOnMissingBean (types: org.springframework.web.context.request.RequestContextListener,org.springframework.web.filter.RequestContextFilter; SearchStrategy: all) did not find any beans (OnBeanCondition)

   WebMvcAutoConfiguration.WebMvcAutoConfigurationAdapter#viewResolver matched:
      - @ConditionalOnBean (types: org.springframework.web.servlet.ViewResolver; SearchStrategy: all) found beans 'defaultViewResolver', 'beanNameViewResolver', 'mvcViewResolver'; @ConditionalOnMissingBean (names: viewResolver types: org.springframework.web.servlet.view.ContentNegotiatingViewResolver; SearchStrategy: all) did not find any beans (OnBeanCondition)

   WebSocketServletAutoConfiguration matched:
      - @ConditionalOnClass found required classes 'jakarta.servlet.Servlet', 'jakarta.websocket.server.ServerContainer' (OnClassCondition)
      - found 'session' scope (OnWebApplicationCondition)

   WebSocketServletAutoConfiguration.TomcatWebSocketConfiguration matched:
      - @ConditionalOnClass found required classes 'org.apache.catalina.startup.Tomcat', 'org.apache.tomcat.websocket.server.WsSci' (OnClassCondition)

   WebSocketServletAutoConfiguration.TomcatWebSocketConfiguration#websocketServletWebServerCustomizer matched:
      - @ConditionalOnMissingBean (names: websocketServletWebServerCustomizer; SearchStrategy: all) did not find any beans (OnBeanCondition)


Negative matches:
-----------------

   ActiveMQAutoConfiguration:
      Did not match:
         - @ConditionalOnClass did not find required class 'jakarta.jms.ConnectionFactory' (OnClassCondition)

   AopAutoConfiguration.AspectJAutoProxyingConfiguration.JdkDynamicAutoProxyConfiguration:
      Did not match:
         - @ConditionalOnBooleanProperty (spring.aop.proxy-target-class=false) did not find property 'spring.aop.proxy-target-class' (OnPropertyCondition)

   AopAutoConfiguration.ClassProxyingConfiguration:
      Did not match:
         - @ConditionalOnMissingClass found unwanted class 'org.aspectj.weaver.Advice' (OnClassCondition)

   ArtemisAutoConfiguration:
      Did not match:
         - @ConditionalOnClass did not find required class 'jakarta.jms.ConnectionFactory' (OnClassCondition)

   BatchAutoConfiguration:
      Did not match:
         - @ConditionalOnClass did not find required class 'org.springframework.batch.core.launch.JobLauncher' (OnClassCondition)

   Cache2kCacheConfiguration:
      Did not match:
         - @ConditionalOnClass did not find required class 'org.cache2k.Cache2kBuilder' (OnClassCondition)

   CacheAutoConfiguration:
      Did not match:
         - @ConditionalOnBean (types: org.springframework.cache.interceptor.CacheAspectSupport; SearchStrategy: all) did not find any beans of type org.springframework.cache.interceptor.CacheAspectSupport (OnBeanCondition)
      Matched:
         - @ConditionalOnClass found required class 'org.springframework.cache.CacheManager' (OnClassCondition)

   CacheAutoConfiguration.CacheManagerEntityManagerFactoryDependsOnPostProcessor:
      Did not match:
         - Ancestor org.springframework.boot.autoconfigure.cache.CacheAutoConfiguration did not match (ConditionEvaluationReport.AncestorsMatchedCondition)
      Matched:
         - @ConditionalOnClass found required class 'org.springframework.orm.jpa.LocalContainerEntityManagerFactoryBean' (OnClassCondition)

   CaffeineCacheConfiguration:
      Did not match:
         - @ConditionalOnClass did not find required class 'com.github.benmanes.caffeine.cache.Caffeine' (OnClassCondition)

   CassandraAutoConfiguration:
      Did not match:
         - @ConditionalOnClass did not find required class 'com.datastax.oss.driver.api.core.CqlSession' (OnClassCondition)

   CassandraDataAutoConfiguration:
      Did not match:
         - @ConditionalOnClass did not find required class 'com.datastax.oss.driver.api.core.CqlSession' (OnClassCondition)

   CassandraReactiveDataAutoConfiguration:
      Did not match:
         - @ConditionalOnClass did not find required class 'com.datastax.oss.driver.api.core.CqlSession' (OnClassCondition)

   CassandraReactiveRepositoriesAutoConfiguration:
      Did not match:
         - @ConditionalOnClass did not find required class 'org.springframework.data.cassandra.ReactiveSession' (OnClassCondition)

   CassandraRepositoriesAutoConfiguration:
      Did not match:
         - @ConditionalOnClass did not find required class 'com.datastax.oss.driver.api.core.CqlSession' (OnClassCondition)

   org.springframework.boot.autoconfigure.http.client.reactive.ClientHttpConnectorAutoConfiguration:
      Did not match:
         - @ConditionalOnClass did not find required class 'reactor.core.publisher.Mono' (OnClassCondition)

   org.springframework.boot.autoconfigure.web.reactive.function.client.ClientHttpConnectorAutoConfiguration:
      Did not match:
         - @ConditionalOnClass did not find required class 'org.springframework.web.reactive.function.client.WebClient' (OnClassCondition)

   CodecsAutoConfiguration:
      Did not match:
         - @ConditionalOnClass did not find required class 'org.springframework.web.reactive.function.client.WebClient' (OnClassCondition)

   CouchbaseAutoConfiguration:
      Did not match:
         - @ConditionalOnClass did not find required class 'com.couchbase.client.java.Cluster' (OnClassCondition)

   CouchbaseCacheConfiguration:
      Did not match:
         - @ConditionalOnClass did not find required class 'com.couchbase.client.java.Cluster' (OnClassCondition)

   CouchbaseDataAutoConfiguration:
      Did not match:
         - @ConditionalOnClass did not find required class 'com.couchbase.client.java.Bucket' (OnClassCondition)

   CouchbaseReactiveDataAutoConfiguration:
      Did not match:
         - @ConditionalOnClass did not find required class 'com.couchbase.client.java.Cluster' (OnClassCondition)

   CouchbaseReactiveRepositoriesAutoConfiguration:
      Did not match:
         - @ConditionalOnClass did not find required class 'com.couchbase.client.java.Cluster' (OnClassCondition)

   CouchbaseRepositoriesAutoConfiguration:
      Did not match:
         - @ConditionalOnClass did not find required class 'com.couchbase.client.java.Bucket' (OnClassCondition)

   DataSourceAutoConfiguration.EmbeddedDatabaseConfiguration:
      Did not match:
         - EmbeddedDataSource spring.datasource.url is set (DataSourceAutoConfiguration.EmbeddedDatabaseCondition)

   DataSourceCheckpointRestoreConfiguration:
      Did not match:
         - @ConditionalOnClass did not find required class 'org.crac.Resource' (OnClassCondition)

   DataSourceConfiguration.Dbcp2:
      Did not match:
         - @ConditionalOnClass did not find required class 'org.apache.commons.dbcp2.BasicDataSource' (OnClassCondition)

   DataSourceConfiguration.Generic:
      Did not match:
         - @ConditionalOnProperty (spring.datasource.type) did not find property 'spring.datasource.type' (OnPropertyCondition)

   DataSourceConfiguration.OracleUcp:
      Did not match:
         - @ConditionalOnClass did not find required classes 'oracle.ucp.jdbc.PoolDataSourceImpl', 'oracle.jdbc.OracleConnection' (OnClassCondition)

   DataSourceConfiguration.Tomcat:
      Did not match:
         - @ConditionalOnClass did not find required class 'org.apache.tomcat.jdbc.pool.DataSource' (OnClassCondition)

   DataSourceJmxConfiguration:
      Did not match:
         - @ConditionalOnBooleanProperty (spring.jmx.enabled=true) did not find property 'spring.jmx.enabled' (OnPropertyCondition)

   DataSourcePoolMetadataProvidersConfiguration.CommonsDbcp2PoolDataSourceMetadataProviderConfiguration:
      Did not match:
         - @ConditionalOnClass did not find required class 'org.apache.commons.dbcp2.BasicDataSource' (OnClassCondition)

   DataSourcePoolMetadataProvidersConfiguration.OracleUcpPoolDataSourceMetadataProviderConfiguration:
      Did not match:
         - @ConditionalOnClass did not find required classes 'oracle.ucp.jdbc.PoolDataSource', 'oracle.jdbc.OracleConnection' (OnClassCondition)

   DataSourcePoolMetadataProvidersConfiguration.TomcatDataSourcePoolMetadataProviderConfiguration:
      Did not match:
         - @ConditionalOnClass did not find required class 'org.apache.tomcat.jdbc.pool.DataSource' (OnClassCondition)

   DataSourceTransactionManagerAutoConfiguration.JdbcTransactionManagerConfiguration#transactionManager:
      Did not match:
         - @ConditionalOnMissingBean (types: org.springframework.transaction.TransactionManager; SearchStrategy: all) found beans of type 'org.springframework.transaction.TransactionManager' transactionManager (OnBeanCondition)

   DispatcherServletAutoConfiguration.DispatcherServletConfiguration#multipartResolver:
      Did not match:
         - @ConditionalOnBean (types: org.springframework.web.multipart.MultipartResolver; SearchStrategy: all) did not find any beans of type org.springframework.web.multipart.MultipartResolver (OnBeanCondition)

   ElasticsearchClientAutoConfiguration:
      Did not match:
         - @ConditionalOnClass did not find required class 'co.elastic.clients.elasticsearch.ElasticsearchClient' (OnClassCondition)

   ElasticsearchDataAutoConfiguration:
      Did not match:
         - @ConditionalOnClass did not find required class 'org.springframework.data.elasticsearch.client.elc.ElasticsearchTemplate' (OnClassCondition)

   ElasticsearchRepositoriesAutoConfiguration:
      Did not match:
         - @ConditionalOnClass did not find required class 'org.springframework.data.elasticsearch.repository.ElasticsearchRepository' (OnClassCondition)

   ElasticsearchRestClientAutoConfiguration:
      Did not match:
         - @ConditionalOnClass did not find required class 'org.elasticsearch.client.RestClientBuilder' (OnClassCondition)

   EmbeddedLdapAutoConfiguration:
      Did not match:
         - @ConditionalOnClass did not find required class 'com.unboundid.ldap.listener.InMemoryDirectoryServer' (OnClassCondition)

   EmbeddedWebServerFactoryCustomizerAutoConfiguration.JettyWebServerFactoryCustomizerConfiguration:
      Did not match:
         - @ConditionalOnClass did not find required classes 'org.eclipse.jetty.server.Server', 'org.eclipse.jetty.util.Loader', 'org.eclipse.jetty.ee10.webapp.WebAppContext' (OnClassCondition)

   EmbeddedWebServerFactoryCustomizerAutoConfiguration.NettyWebServerFactoryCustomizerConfiguration:
      Did not match:
         - @ConditionalOnClass did not find required class 'reactor.netty.http.server.HttpServer' (OnClassCondition)

   EmbeddedWebServerFactoryCustomizerAutoConfiguration.TomcatWebServerFactoryCustomizerConfiguration#tomcatVirtualThreadsProtocolHandlerCustomizer:
      Did not match:
         - @ConditionalOnThreading did not find VIRTUAL (OnThreadingCondition)

   EmbeddedWebServerFactoryCustomizerAutoConfiguration.UndertowWebServerFactoryCustomizerConfiguration:
      Did not match:
         - @ConditionalOnClass did not find required classes 'io.undertow.Undertow', 'org.xnio.SslClientAuthMode' (OnClassCondition)

   ErrorWebFluxAutoConfiguration:
      Did not match:
         - @ConditionalOnClass did not find required class 'org.springframework.web.reactive.config.WebFluxConfigurer' (OnClassCondition)

   FlywayAutoConfiguration:
      Did not match:
         - @ConditionalOnClass did not find required class 'org.flywaydb.core.Flyway' (OnClassCondition)

   FreeMarkerAutoConfiguration:
      Did not match:
         - @ConditionalOnClass did not find required class 'freemarker.template.Configuration' (OnClassCondition)

   GraphQlAutoConfiguration:
      Did not match:
         - @ConditionalOnClass did not find required class 'graphql.GraphQL' (OnClassCondition)

   GraphQlQueryByExampleAutoConfiguration:
      Did not match:
         - @ConditionalOnClass did not find required class 'graphql.GraphQL' (OnClassCondition)

   GraphQlQuerydslAutoConfiguration:
      Did not match:
         - @ConditionalOnClass did not find required class 'com.querydsl.core.Query' (OnClassCondition)

   GraphQlRSocketAutoConfiguration:
      Did not match:
         - @ConditionalOnClass did not find required class 'graphql.GraphQL' (OnClassCondition)

   GraphQlReactiveQueryByExampleAutoConfiguration:
      Did not match:
         - @ConditionalOnClass did not find required class 'graphql.GraphQL' (OnClassCondition)

   GraphQlReactiveQuerydslAutoConfiguration:
      Did not match:
         - @ConditionalOnClass did not find required class 'com.querydsl.core.Query' (OnClassCondition)

   GraphQlWebFluxAutoConfiguration:
      Did not match:
         - @ConditionalOnClass did not find required class 'graphql.GraphQL' (OnClassCondition)

   GraphQlWebFluxSecurityAutoConfiguration:
      Did not match:
         - @ConditionalOnClass did not find required class 'graphql.GraphQL' (OnClassCondition)

   GraphQlWebMvcAutoConfiguration:
      Did not match:
         - @ConditionalOnClass did not find required class 'graphql.GraphQL' (OnClassCondition)

   GraphQlWebMvcSecurityAutoConfiguration:
      Did not match:
         - @ConditionalOnClass did not find required class 'graphql.GraphQL' (OnClassCondition)

   GroovyTemplateAutoConfiguration:
      Did not match:
         - @ConditionalOnClass did not find required class 'groovy.text.markup.MarkupTemplateEngine' (OnClassCondition)

   GsonAutoConfiguration:
      Did not match:
         - @ConditionalOnClass did not find required class 'com.google.gson.Gson' (OnClassCondition)

   GsonHttpMessageConvertersConfiguration:
      Did not match:
         - @ConditionalOnClass did not find required class 'com.google.gson.Gson' (OnClassCondition)

   H2ConsoleAutoConfiguration:
      Did not match:
         - @ConditionalOnClass did not find required class 'org.h2.server.web.JakartaWebServlet' (OnClassCondition)

   HazelcastAutoConfiguration:
      Did not match:
         - @ConditionalOnClass did not find required class 'com.hazelcast.core.HazelcastInstance' (OnClassCondition)

   HazelcastCacheConfiguration:
      Did not match:
         - @ConditionalOnClass did not find required class 'com.hazelcast.core.HazelcastInstance' (OnClassCondition)

   HazelcastJpaDependencyAutoConfiguration:
      Did not match:
         - @ConditionalOnClass did not find required class 'com.hazelcast.core.HazelcastInstance' (OnClassCondition)

   HttpHandlerAutoConfiguration:
      Did not match:
         - @ConditionalOnClass did not find required class 'org.springframework.web.reactive.DispatcherHandler' (OnClassCondition)

   HypermediaAutoConfiguration:
      Did not match:
         - @ConditionalOnClass did not find required class 'org.springframework.hateoas.EntityModel' (OnClassCondition)

   InfinispanCacheConfiguration:
      Did not match:
         - @ConditionalOnClass did not find required class 'org.infinispan.spring.embedded.provider.SpringEmbeddedCacheManager' (OnClassCondition)

   IntegrationAutoConfiguration:
      Did not match:
         - @ConditionalOnClass did not find required class 'org.springframework.integration.config.EnableIntegration' (OnClassCondition)

   JCacheCacheConfiguration:
      Did not match:
         - @ConditionalOnClass did not find required class 'javax.cache.Caching' (OnClassCondition)

   JacksonHttpMessageConvertersConfiguration.MappingJackson2XmlHttpMessageConverterConfiguration:
      Did not match:
         - @ConditionalOnClass did not find required class 'com.fasterxml.jackson.dataformat.xml.XmlMapper' (OnClassCondition)

   JdbcRepositoriesAutoConfiguration:
      Did not match:
         - @ConditionalOnClass did not find required class 'org.springframework.data.jdbc.repository.config.AbstractJdbcConfiguration' (OnClassCondition)

   JerseyAutoConfiguration:
      Did not match:
         - @ConditionalOnClass did not find required class 'org.glassfish.jersey.server.spring.SpringComponentProvider' (OnClassCondition)

   JmsAutoConfiguration:
      Did not match:
         - @ConditionalOnClass did not find required class 'jakarta.jms.Message' (OnClassCondition)

   JmxAutoConfiguration:
      Did not match:
         - @ConditionalOnBooleanProperty (spring.jmx.enabled=true) did not find property 'spring.jmx.enabled' (OnPropertyCondition)
      Matched:
         - @ConditionalOnClass found required class 'org.springframework.jmx.export.MBeanExporter' (OnClassCondition)

   JndiConnectionFactoryAutoConfiguration:
      Did not match:
         - @ConditionalOnClass did not find required class 'org.springframework.jms.core.JmsTemplate' (OnClassCondition)

   JndiDataSourceAutoConfiguration:
      Did not match:
         - @ConditionalOnProperty (spring.datasource.jndi-name) did not find property 'spring.datasource.jndi-name' (OnPropertyCondition)
      Matched:
         - @ConditionalOnClass found required classes 'javax.sql.DataSource', 'org.springframework.jdbc.datasource.embedded.EmbeddedDatabaseType' (OnClassCondition)

   JndiJtaConfiguration:
      Did not match:
         - @ConditionalOnJndi JNDI environment is not available (OnJndiCondition)
      Matched:
         - @ConditionalOnClass found required class 'org.springframework.transaction.jta.JtaTransactionManager' (OnClassCondition)

   JooqAutoConfiguration:
      Did not match:
         - @ConditionalOnClass did not find required class 'org.jooq.DSLContext' (OnClassCondition)

   JpaBaseConfiguration.JpaWebConfiguration:
      Did not match:
         - @ConditionalOnBooleanProperty (spring.jpa.open-in-view=true) found different value in property 'spring.jpa.open-in-view' (OnPropertyCondition)
      Matched:
         - @ConditionalOnClass found required class 'org.springframework.web.servlet.config.annotation.WebMvcConfigurer' (OnClassCondition)
         - found 'session' scope (OnWebApplicationCondition)

   JpaRepositoriesAutoConfiguration#entityManagerFactoryBootstrapExecutorCustomizer:
      Did not match:
         - AnyNestedCondition 0 matched 2 did not; NestedCondition on JpaRepositoriesAutoConfiguration.BootstrapExecutorCondition.LazyBootstrapMode @ConditionalOnProperty (spring.data.jpa.repositories.bootstrap-mode=lazy) did not find property 'spring.data.jpa.repositories.bootstrap-mode'; NestedCondition on JpaRepositoriesAutoConfiguration.BootstrapExecutorCondition.DeferredBootstrapMode @ConditionalOnProperty (spring.data.jpa.repositories.bootstrap-mode=deferred) did not find property 'spring.data.jpa.repositories.bootstrap-mode' (JpaRepositoriesAutoConfiguration.BootstrapExecutorCondition)

   JsonbAutoConfiguration:
      Did not match:
         - @ConditionalOnClass did not find required class 'jakarta.json.bind.Jsonb' (OnClassCondition)

   JsonbHttpMessageConvertersConfiguration:
      Did not match:
         - @ConditionalOnClass did not find required class 'jakarta.json.bind.Jsonb' (OnClassCondition)

   KafkaAutoConfiguration:
      Did not match:
         - @ConditionalOnClass did not find required class 'org.springframework.kafka.core.KafkaTemplate' (OnClassCondition)

   LdapAutoConfiguration:
      Did not match:
         - @ConditionalOnClass did not find required class 'org.springframework.ldap.core.ContextSource' (OnClassCondition)

   LdapRepositoriesAutoConfiguration:
      Did not match:
         - @ConditionalOnClass did not find required class 'org.springframework.data.ldap.repository.LdapRepository' (OnClassCondition)

   LiquibaseAutoConfiguration:
      Did not match:
         - @ConditionalOnClass did not find required class 'liquibase.change.DatabaseChange' (OnClassCondition)

   MailSenderAutoConfiguration:
      Did not match:
         - AnyNestedCondition 0 matched 2 did not; NestedCondition on MailSenderAutoConfiguration.MailSenderCondition.JndiNameProperty @ConditionalOnProperty (spring.mail.jndi-name) did not find property 'spring.mail.jndi-name'; NestedCondition on MailSenderAutoConfiguration.MailSenderCondition.HostProperty @ConditionalOnProperty (spring.mail.host) did not find property 'spring.mail.host' (MailSenderAutoConfiguration.MailSenderCondition)
      Matched:
         - @ConditionalOnClass found required classes 'jakarta.mail.internet.MimeMessage', 'jakarta.activation.MimeType', 'org.springframework.mail.MailSender' (OnClassCondition)

   MailSenderValidatorAutoConfiguration:
      Did not match:
         - @ConditionalOnBooleanProperty (spring.mail.test-connection=true) did not find property 'spring.mail.test-connection' (OnPropertyCondition)

   MessageSourceAutoConfiguration:
      Did not match:
         - ResourceBundle did not find bundle with basename messages (MessageSourceAutoConfiguration.ResourceBundleCondition)

   MongoAutoConfiguration:
      Did not match:
         - @ConditionalOnClass did not find required class 'com.mongodb.client.MongoClient' (OnClassCondition)

   MongoDataAutoConfiguration:
      Did not match:
         - @ConditionalOnClass did not find required class 'com.mongodb.client.MongoClient' (OnClassCondition)

   MongoReactiveAutoConfiguration:
      Did not match:
         - @ConditionalOnClass did not find required class 'com.mongodb.reactivestreams.client.MongoClient' (OnClassCondition)

   MongoReactiveDataAutoConfiguration:
      Did not match:
         - @ConditionalOnClass did not find required class 'com.mongodb.reactivestreams.client.MongoClient' (OnClassCondition)

   MongoReactiveRepositoriesAutoConfiguration:
      Did not match:
         - @ConditionalOnClass did not find required class 'com.mongodb.reactivestreams.client.MongoClient' (OnClassCondition)

   MongoRepositoriesAutoConfiguration:
      Did not match:
         - @ConditionalOnClass did not find required class 'com.mongodb.client.MongoClient' (OnClassCondition)

   MustacheAutoConfiguration:
      Did not match:
         - @ConditionalOnClass did not find required class 'com.samskivert.mustache.Mustache' (OnClassCondition)

   Neo4jAutoConfiguration:
      Did not match:
         - @ConditionalOnClass did not find required class 'org.neo4j.driver.Driver' (OnClassCondition)

   Neo4jDataAutoConfiguration:
      Did not match:
         - @ConditionalOnClass did not find required class 'org.neo4j.driver.Driver' (OnClassCondition)

   Neo4jReactiveDataAutoConfiguration:
      Did not match:
         - @ConditionalOnClass did not find required class 'org.neo4j.driver.Driver' (OnClassCondition)

   Neo4jReactiveRepositoriesAutoConfiguration:
      Did not match:
         - @ConditionalOnClass did not find required class 'org.neo4j.driver.Driver' (OnClassCondition)

   Neo4jRepositoriesAutoConfiguration:
      Did not match:
         - @ConditionalOnClass did not find required class 'org.neo4j.driver.Driver' (OnClassCondition)

   NettyAutoConfiguration:
      Did not match:
         - @ConditionalOnClass did not find required class 'io.netty.util.NettyRuntime' (OnClassCondition)

   OAuth2AuthorizationServerAutoConfiguration:
      Did not match:
         - @ConditionalOnClass did not find required class 'org.springframework.security.oauth2.server.authorization.OAuth2Authorization' (OnClassCondition)

   OAuth2AuthorizationServerJwtAutoConfiguration:
      Did not match:
         - @ConditionalOnClass did not find required class 'com.nimbusds.jose.jwk.source.JWKSource' (OnClassCondition)

   OAuth2ClientAutoConfiguration:
      Did not match:
         - @ConditionalOnClass did not find required class 'org.springframework.security.oauth2.client.registration.ClientRegistration' (OnClassCondition)

   OAuth2ClientWebSecurityAutoConfiguration:
      Did not match:
         - @ConditionalOnClass did not find required class 'org.springframework.security.oauth2.client.web.OAuth2AuthorizedClientRepository' (OnClassCondition)

   OAuth2ResourceServerAutoConfiguration:
      Did not match:
         - @ConditionalOnClass did not find required class 'org.springframework.security.oauth2.server.resource.authentication.BearerTokenAuthenticationToken' (OnClassCondition)

   ProjectInfoAutoConfiguration#buildProperties:
      Did not match:
         - @ConditionalOnResource did not find resource '${spring.info.build.location:classpath:META-INF/build-info.properties}' (OnResourceCondition)

   ProjectInfoAutoConfiguration#gitProperties:
      Did not match:
         - GitResource did not find git info at classpath:git.properties (ProjectInfoAutoConfiguration.GitResourceAvailableCondition)

   PulsarAutoConfiguration:
      Did not match:
         - @ConditionalOnClass did not find required class 'org.apache.pulsar.client.api.PulsarClient' (OnClassCondition)

   PulsarReactiveAutoConfiguration:
      Did not match:
         - @ConditionalOnClass did not find required class 'org.apache.pulsar.client.api.PulsarClient' (OnClassCondition)

   QuartzAutoConfiguration:
      Did not match:
         - @ConditionalOnClass did not find required class 'org.quartz.Scheduler' (OnClassCondition)

   R2dbcAutoConfiguration:
      Did not match:
         - @ConditionalOnClass did not find required class 'io.r2dbc.spi.ConnectionFactory' (OnClassCondition)

   R2dbcDataAutoConfiguration:
      Did not match:
         - @ConditionalOnClass did not find required class 'org.springframework.data.r2dbc.core.R2dbcEntityTemplate' (OnClassCondition)

   R2dbcInitializationConfiguration:
      Did not match:
         - @ConditionalOnClass did not find required classes 'io.r2dbc.spi.ConnectionFactory', 'org.springframework.r2dbc.connection.init.DatabasePopulator' (OnClassCondition)

   R2dbcProxyAutoConfiguration:
      Did not match:
         - @ConditionalOnClass did not find required class 'io.r2dbc.proxy.ProxyConnectionFactory' (OnClassCondition)

   R2dbcRepositoriesAutoConfiguration:
      Did not match:
         - @ConditionalOnClass did not find required class 'io.r2dbc.spi.ConnectionFactory' (OnClassCondition)

   R2dbcTransactionManagerAutoConfiguration:
      Did not match:
         - @ConditionalOnClass did not find required class 'org.springframework.r2dbc.connection.R2dbcTransactionManager' (OnClassCondition)

   RSocketGraphQlClientAutoConfiguration:
      Did not match:
         - @ConditionalOnClass did not find required class 'graphql.GraphQL' (OnClassCondition)

   RSocketMessagingAutoConfiguration:
      Did not match:
         - @ConditionalOnClass did not find required class 'io.rsocket.RSocket' (OnClassCondition)

   RSocketRequesterAutoConfiguration:
      Did not match:
         - @ConditionalOnClass did not find required class 'io.rsocket.RSocket' (OnClassCondition)

   RSocketSecurityAutoConfiguration:
      Did not match:
         - @ConditionalOnClass did not find required class 'org.springframework.security.rsocket.core.SecuritySocketAcceptorInterceptor' (OnClassCondition)

   RSocketServerAutoConfiguration:
      Did not match:
         - @ConditionalOnClass did not find required class 'io.rsocket.core.RSocketServer' (OnClassCondition)

   RSocketStrategiesAutoConfiguration:
      Did not match:
         - @ConditionalOnClass did not find required class 'io.netty.buffer.PooledByteBufAllocator' (OnClassCondition)

   RabbitAutoConfiguration:
      Did not match:
         - @ConditionalOnClass did not find required class 'com.rabbitmq.client.Channel' (OnClassCondition)

   ReactiveElasticsearchClientAutoConfiguration:
      Did not match:
         - @ConditionalOnClass did not find required class 'co.elastic.clients.transport.ElasticsearchTransport' (OnClassCondition)

   ReactiveElasticsearchRepositoriesAutoConfiguration:
      Did not match:
         - @ConditionalOnClass did not find required class 'reactor.core.publisher.Mono' (OnClassCondition)

   ReactiveMultipartAutoConfiguration:
      Did not match:
         - @ConditionalOnClass did not find required class 'org.springframework.web.reactive.config.WebFluxConfigurer' (OnClassCondition)

   ReactiveOAuth2ClientAutoConfiguration:
      Did not match:
         - @ConditionalOnClass did not find required class 'reactor.core.publisher.Flux' (OnClassCondition)

   ReactiveOAuth2ClientWebSecurityAutoConfiguration:
      Did not match:
         - @ConditionalOnClass did not find required class 'reactor.core.publisher.Flux' (OnClassCondition)

   ReactiveOAuth2ResourceServerAutoConfiguration:
      Did not match:
         - @ConditionalOnWebApplication did not find reactive web application classes (OnWebApplicationCondition)

   ReactiveSecurityAutoConfiguration:
      Did not match:
         - @ConditionalOnClass did not find required class 'reactor.core.publisher.Flux' (OnClassCondition)

   ReactiveUserDetailsServiceAutoConfiguration:
      Did not match:
         - AnyNestedCondition 0 matched 2 did not; NestedCondition on ReactiveUserDetailsServiceAutoConfiguration.RSocketEnabledOrReactiveWebApplication.ReactiveWebApplicationCondition did not find reactive web application classes; NestedCondition on ReactiveUserDetailsServiceAutoConfiguration.RSocketEnabledOrReactiveWebApplication.RSocketSecurityEnabledCondition @ConditionalOnBean (types: ?; SearchStrategy: all) did not find any beans of type ? (ReactiveUserDetailsServiceAutoConfiguration.RSocketEnabledOrReactiveWebApplication)
      Matched:
         - @ConditionalOnClass found required class 'org.springframework.security.authentication.ReactiveAuthenticationManager' (OnClassCondition)
         - AnyNestedCondition 1 matched 2 did not; NestedCondition on ReactiveUserDetailsServiceAutoConfiguration.MissingAlternativeOrUserPropertiesConfigured.PasswordConfigured @ConditionalOnProperty (spring.security.user.password) did not find property 'spring.security.user.password'; NestedCondition on ReactiveUserDetailsServiceAutoConfiguration.MissingAlternativeOrUserPropertiesConfigured.NameConfigured @ConditionalOnProperty (spring.security.user.name) did not find property 'spring.security.user.name'; NestedCondition on ReactiveUserDetailsServiceAutoConfiguration.MissingAlternativeOrUserPropertiesConfigured.MissingAlternative @ConditionalOnMissingClass did not find unwanted classes 'org.springframework.security.oauth2.client.registration.ClientRegistrationRepository', 'org.springframework.security.oauth2.server.resource.introspection.ReactiveOpaqueTokenIntrospector' (ReactiveUserDetailsServiceAutoConfiguration.MissingAlternativeOrUserPropertiesConfigured)

   ReactiveWebServerFactoryAutoConfiguration:
      Did not match:
         - @ConditionalOnWebApplication did not find reactive web application classes (OnWebApplicationCondition)

   ReactorAutoConfiguration:
      Did not match:
         - @ConditionalOnClass did not find required class 'reactor.core.publisher.Hooks' (OnClassCondition)

   RedisAutoConfiguration:
      Did not match:
         - @ConditionalOnClass did not find required class 'org.springframework.data.redis.core.RedisOperations' (OnClassCondition)

   RedisCacheConfiguration:
      Did not match:
         - @ConditionalOnClass did not find required class 'org.springframework.data.redis.connection.RedisConnectionFactory' (OnClassCondition)

   RedisReactiveAutoConfiguration:
      Did not match:
         - @ConditionalOnClass did not find required class 'reactor.core.publisher.Flux' (OnClassCondition)

   RedisRepositoriesAutoConfiguration:
      Did not match:
         - @ConditionalOnClass did not find required class 'org.springframework.data.redis.repository.configuration.EnableRedisRepositories' (OnClassCondition)

   RepositoryRestMvcAutoConfiguration:
      Did not match:
         - @ConditionalOnClass did not find required class 'org.springframework.data.rest.webmvc.config.RepositoryRestMvcConfiguration' (OnClassCondition)

   Saml2RelyingPartyAutoConfiguration:
      Did not match:
         - @ConditionalOnClass did not find required class 'org.springframework.security.saml2.provider.service.registration.RelyingPartyRegistrationRepository' (OnClassCondition)

   SecurityDataConfiguration:
      Did not match:
         - @ConditionalOnClass did not find required class 'org.springframework.security.data.repository.query.SecurityEvaluationContextExtension' (OnClassCondition)

   SendGridAutoConfiguration:
      Did not match:
         - @ConditionalOnClass did not find required class 'com.sendgrid.SendGrid' (OnClassCondition)

   ServletWebServerFactoryAutoConfiguration.ForwardedHeaderFilterConfiguration:
      Did not match:
         - @ConditionalOnProperty (server.forward-headers-strategy=framework) did not find property 'server.forward-headers-strategy' (OnPropertyCondition)

   ServletWebServerFactoryConfiguration.EmbeddedJetty:
      Did not match:
         - @ConditionalOnClass did not find required classes 'org.eclipse.jetty.server.Server', 'org.eclipse.jetty.util.Loader', 'org.eclipse.jetty.ee10.webapp.WebAppContext' (OnClassCondition)

   ServletWebServerFactoryConfiguration.EmbeddedUndertow:
      Did not match:
         - @ConditionalOnClass did not find required classes 'io.undertow.Undertow', 'org.xnio.SslClientAuthMode' (OnClassCondition)

   SessionAutoConfiguration:
      Did not match:
         - @ConditionalOnClass did not find required class 'org.springframework.session.Session' (OnClassCondition)

   SpringApplicationAdminJmxAutoConfiguration:
      Did not match:
         - @ConditionalOnBooleanProperty (spring.application.admin.enabled=true) did not find property 'spring.application.admin.enabled' (OnPropertyCondition)

   SpringBootWebSecurityConfiguration.SecurityFilterChainConfiguration:
      Did not match:
         - AllNestedConditions 1 matched 1 did not; NestedCondition on DefaultWebSecurityCondition.Beans @ConditionalOnMissingBean (types: org.springframework.security.web.SecurityFilterChain; SearchStrategy: all) found beans of type 'org.springframework.security.web.SecurityFilterChain' securityFilterChain; NestedCondition on DefaultWebSecurityCondition.Classes @ConditionalOnClass found required classes 'org.springframework.security.web.SecurityFilterChain', 'org.springframework.security.config.annotation.web.builders.HttpSecurity' (DefaultWebSecurityCondition)

   SpringBootWebSecurityConfiguration.WebSecurityEnablerConfiguration:
      Did not match:
         - @ConditionalOnMissingBean (names: springSecurityFilterChain; SearchStrategy: all) found beans named springSecurityFilterChain (OnBeanCondition)
      Matched:
         - @ConditionalOnClass found required class 'org.springframework.security.config.annotation.web.configuration.EnableWebSecurity' (OnClassCondition)

   TaskExecutorConfigurations.SimpleAsyncTaskExecutorBuilderConfiguration#simpleAsyncTaskExecutorBuilderVirtualThreads:
      Did not match:
         - @ConditionalOnMissingBean (types: org.springframework.boot.task.SimpleAsyncTaskExecutorBuilder; SearchStrategy: all) found beans of type 'org.springframework.boot.task.SimpleAsyncTaskExecutorBuilder' simpleAsyncTaskExecutorBuilder (OnBeanCondition)

   TaskExecutorConfigurations.TaskExecutorConfiguration#applicationTaskExecutorVirtualThreads:
      Did not match:
         - @ConditionalOnThreading did not find VIRTUAL (OnThreadingCondition)

   TaskSchedulingAutoConfiguration#scheduledBeanLazyInitializationExcludeFilter:
      Did not match:
         - @ConditionalOnBean (names: org.springframework.context.annotation.internalScheduledAnnotationProcessor; SearchStrategy: all) did not find any beans named org.springframework.context.annotation.internalScheduledAnnotationProcessor (OnBeanCondition)

   TaskSchedulingConfigurations.SimpleAsyncTaskSchedulerBuilderConfiguration#simpleAsyncTaskSchedulerBuilderVirtualThreads:
      Did not match:
         - @ConditionalOnMissingBean (types: org.springframework.boot.task.SimpleAsyncTaskSchedulerBuilder; SearchStrategy: all) found beans of type 'org.springframework.boot.task.SimpleAsyncTaskSchedulerBuilder' simpleAsyncTaskSchedulerBuilder (OnBeanCondition)

   TaskSchedulingConfigurations.TaskSchedulerConfiguration:
      Did not match:
         - @ConditionalOnBean (names: org.springframework.context.annotation.internalScheduledAnnotationProcessor; SearchStrategy: all) did not find any beans named org.springframework.context.annotation.internalScheduledAnnotationProcessor (OnBeanCondition)

   TemplateEngineConfigurations.ReactiveTemplateEngineConfiguration:
      Did not match:
         - did not find reactive web application classes (OnWebApplicationCondition)

   ThymeleafAutoConfiguration.DataAttributeDialectConfiguration:
      Did not match:
         - @ConditionalOnClass did not find required class 'com.github.mxab.thymeleaf.extras.dataattribute.dialect.DataAttributeDialect' (OnClassCondition)

   ThymeleafAutoConfiguration.ThymeleafSecurityDialectConfiguration:
      Did not match:
         - @ConditionalOnClass did not find required class 'org.thymeleaf.extras.springsecurity6.dialect.SpringSecurityDialect' (OnClassCondition)

   ThymeleafAutoConfiguration.ThymeleafWebFluxConfiguration:
      Did not match:
         - did not find reactive web application classes (OnWebApplicationCondition)

   ThymeleafAutoConfiguration.ThymeleafWebLayoutConfiguration:
      Did not match:
         - @ConditionalOnClass did not find required class 'nz.net.ultraq.thymeleaf.layoutdialect.LayoutDialect' (OnClassCondition)

   ThymeleafAutoConfiguration.ThymeleafWebMvcConfiguration#resourceUrlEncodingFilter:
      Did not match:
         - @ConditionalOnEnabledResourceChain did not find class org.webjars.WebJarVersionLocator (OnEnabledResourceChainCondition)

   TransactionAutoConfiguration#transactionalOperator:
      Did not match:
         - @ConditionalOnSingleCandidate (types: org.springframework.transaction.ReactiveTransactionManager; SearchStrategy: all) did not find any beans (OnBeanCondition)

   TransactionAutoConfiguration.AspectJTransactionManagementConfiguration:
      Did not match:
         - @ConditionalOnBean (types: org.springframework.transaction.aspectj.AbstractTransactionAspect; SearchStrategy: all) did not find any beans of type org.springframework.transaction.aspectj.AbstractTransactionAspect (OnBeanCondition)

   TransactionAutoConfiguration.EnableTransactionManagementConfiguration.JdkDynamicAutoProxyConfiguration:
      Did not match:
         - @ConditionalOnBooleanProperty (spring.aop.proxy-target-class=false) did not find property 'spring.aop.proxy-target-class' (OnPropertyCondition)

   UserDetailsServiceAutoConfiguration:
      Did not match:
         - @ConditionalOnMissingBean (types: org.springframework.security.authentication.AuthenticationManager,org.springframework.security.authentication.AuthenticationProvider,org.springframework.security.core.userdetails.UserDetailsService,org.springframework.security.authentication.AuthenticationManagerResolver,?; SearchStrategy: all) found beans of type 'org.springframework.security.authentication.AuthenticationManager' authenticationManager and found beans of type 'org.springframework.security.core.userdetails.UserDetailsService' userDetailsService and found beans of type 'org.springframework.security.authentication.AuthenticationProvider' authenticationProvider (OnBeanCondition)
      Matched:
         - @ConditionalOnClass found required class 'org.springframework.security.authentication.AuthenticationManager' (OnClassCondition)
         - found 'session' scope (OnWebApplicationCondition)
         - AnyNestedCondition 1 matched 2 did not; NestedCondition on UserDetailsServiceAutoConfiguration.MissingAlternativeOrUserPropertiesConfigured.PasswordConfigured @ConditionalOnProperty (spring.security.user.password) did not find property 'spring.security.user.password'; NestedCondition on UserDetailsServiceAutoConfiguration.MissingAlternativeOrUserPropertiesConfigured.NameConfigured @ConditionalOnProperty (spring.security.user.name) did not find property 'spring.security.user.name'; NestedCondition on UserDetailsServiceAutoConfiguration.MissingAlternativeOrUserPropertiesConfigured.MissingAlternative @ConditionalOnMissingClass did not find unwanted classes 'org.springframework.security.oauth2.client.registration.ClientRegistrationRepository', 'org.springframework.security.oauth2.server.resource.introspection.OpaqueTokenIntrospector', 'org.springframework.security.saml2.provider.service.registration.RelyingPartyRegistrationRepository' (UserDetailsServiceAutoConfiguration.MissingAlternativeOrUserPropertiesConfigured)

   ValidationAutoConfiguration:
      Did not match:
         - @ConditionalOnClass did not find required class 'jakarta.validation.executable.ExecutableValidator' (OnClassCondition)

   WebClientAutoConfiguration:
      Did not match:
         - @ConditionalOnClass did not find required class 'org.springframework.web.reactive.function.client.WebClient' (OnClassCondition)

   WebFluxAutoConfiguration:
      Did not match:
         - @ConditionalOnClass did not find required class 'org.springframework.web.reactive.config.WebFluxConfigurer' (OnClassCondition)

   WebMvcAutoConfiguration#hiddenHttpMethodFilter:
      Did not match:
         - @ConditionalOnBooleanProperty (spring.mvc.hiddenmethod.filter.enabled=true) did not find property 'spring.mvc.hiddenmethod.filter.enabled' (OnPropertyCondition)

   WebMvcAutoConfiguration.ProblemDetailsErrorHandlingConfiguration:
      Did not match:
         - @ConditionalOnBooleanProperty (spring.mvc.problemdetails.enabled=true) did not find property 'spring.mvc.problemdetails.enabled' (OnPropertyCondition)

   WebMvcAutoConfiguration.ResourceChainCustomizerConfiguration:
      Did not match:
         - @ConditionalOnEnabledResourceChain did not find class org.webjars.WebJarVersionLocator (OnEnabledResourceChainCondition)

   WebMvcAutoConfiguration.WebMvcAutoConfigurationAdapter#beanNameViewResolver:
      Did not match:
         - @ConditionalOnMissingBean (types: org.springframework.web.servlet.view.BeanNameViewResolver; SearchStrategy: all) found beans of type 'org.springframework.web.servlet.view.BeanNameViewResolver' beanNameViewResolver (OnBeanCondition)

   WebServiceTemplateAutoConfiguration:
      Did not match:
         - @ConditionalOnClass did not find required class 'org.springframework.oxm.Marshaller' (OnClassCondition)

   WebServicesAutoConfiguration:
      Did not match:
         - @ConditionalOnClass did not find required class 'org.springframework.ws.transport.http.MessageDispatcherServlet' (OnClassCondition)

   WebSessionIdResolverAutoConfiguration:
      Did not match:
         - @ConditionalOnClass did not find required class 'reactor.core.publisher.Mono' (OnClassCondition)

   WebSocketMessagingAutoConfiguration:
      Did not match:
         - @ConditionalOnClass did not find required class 'org.springframework.web.socket.config.annotation.WebSocketMessageBrokerConfigurer' (OnClassCondition)

   WebSocketReactiveAutoConfiguration:
      Did not match:
         - @ConditionalOnWebApplication did not find reactive web application classes (OnWebApplicationCondition)

   WebSocketServletAutoConfiguration.JettyWebSocketConfiguration:
      Did not match:
         - @ConditionalOnClass did not find required class 'org.eclipse.jetty.ee10.websocket.jakarta.server.config.JakartaWebSocketServletContainerInitializer' (OnClassCondition)

   WebSocketServletAutoConfiguration.UndertowWebSocketConfiguration:
      Did not match:
         - @ConditionalOnClass did not find required class 'io.undertow.websockets.jsr.Bootstrap' (OnClassCondition)

   XADataSourceAutoConfiguration:
      Did not match:
         - @ConditionalOnBean (types: org.springframework.boot.jdbc.XADataSourceWrapper; SearchStrategy: all) did not find any beans of type org.springframework.boot.jdbc.XADataSourceWrapper (OnBeanCondition)
      Matched:
         - @ConditionalOnClass found required classes 'javax.sql.DataSource', 'jakarta.transaction.TransactionManager', 'org.springframework.jdbc.datasource.embedded.EmbeddedDatabaseType' (OnClassCondition)


Exclusions:
-----------

    None


Unconditional classes:
----------------------

    org.springframework.boot.autoconfigure.context.ConfigurationPropertiesAutoConfiguration

    org.springframework.boot.autoconfigure.ssl.SslAutoConfiguration

    org.springframework.boot.autoconfigure.context.LifecycleAutoConfiguration

    org.springframework.boot.autoconfigure.context.PropertyPlaceholderAutoConfiguration

    org.springframework.boot.autoconfigure.availability.ApplicationAvailabilityAutoConfiguration

    org.springframework.boot.autoconfigure.info.ProjectInfoAutoConfiguration



2026-05-15T17:21:04.700+05:30  INFO 16192 --- [           main] com.jkshian.arms.ArmsApplication         : Started ArmsApplication in 11.682 seconds (process running for 12.518)
2026-05-15T17:21:04.701+05:30 DEBUG 16192 --- [           main] o.s.b.a.ApplicationAvailabilityBean      : Application availability state LivenessState changed to CORRECT
2026-05-15T17:21:04.905+05:30 DEBUG 16192 --- [           main] org.hibernate.SQL                        : select u1_0.id,u1_0.email,u1_0.first_name,u1_0.last_name,u1_0.password,u1_0.role from user u1_0 where u1_0.email=?
Hibernate: select u1_0.id,u1_0.email,u1_0.first_name,u1_0.last_name,u1_0.password,u1_0.role from user u1_0 where u1_0.email=?
2026-05-15T17:21:04.994+05:30 DEBUG 16192 --- [           main] org.hibernate.SQL                        : select ap1_0.id,ap1_0.aircraft_model,ap1_0.airline,ap1_0.arrival_time,ap1_0.avl_seat,ap1_0.departure_time,ap1_0.end,ap1_0.flight_number,ap1_0.num_of_km,ap1_0.price,ap1_0.start from airplane ap1_0 where ap1_0.flight_number=?
Hibernate: select ap1_0.id,ap1_0.aircraft_model,ap1_0.airline,ap1_0.arrival_time,ap1_0.avl_seat,ap1_0.departure_time,ap1_0.end,ap1_0.flight_number,ap1_0.num_of_km,ap1_0.price,ap1_0.start from airplane ap1_0 where ap1_0.flight_number=?
2026-05-15T17:21:05.011+05:30 DEBUG 16192 --- [           main] org.hibernate.SQL                        : select ap1_0.id,ap1_0.aircraft_model,ap1_0.airline,ap1_0.arrival_time,ap1_0.avl_seat,ap1_0.departure_time,ap1_0.end,ap1_0.flight_number,ap1_0.num_of_km,ap1_0.price,ap1_0.start from airplane ap1_0 where ap1_0.flight_number=?
Hibernate: select ap1_0.id,ap1_0.aircraft_model,ap1_0.airline,ap1_0.arrival_time,ap1_0.avl_seat,ap1_0.departure_time,ap1_0.end,ap1_0.flight_number,ap1_0.num_of_km,ap1_0.price,ap1_0.start from airplane ap1_0 where ap1_0.flight_number=?
2026-05-15T17:21:05.019+05:30 DEBUG 16192 --- [           main] org.hibernate.SQL                        : select ap1_0.id,ap1_0.aircraft_model,ap1_0.airline,ap1_0.arrival_time,ap1_0.avl_seat,ap1_0.departure_time,ap1_0.end,ap1_0.flight_number,ap1_0.num_of_km,ap1_0.price,ap1_0.start from airplane ap1_0 where ap1_0.flight_number=?
Hibernate: select ap1_0.id,ap1_0.aircraft_model,ap1_0.airline,ap1_0.arrival_time,ap1_0.avl_seat,ap1_0.departure_time,ap1_0.end,ap1_0.flight_number,ap1_0.num_of_km,ap1_0.price,ap1_0.start from airplane ap1_0 where ap1_0.flight_number=?
2026-05-15T17:21:05.027+05:30 DEBUG 16192 --- [           main] org.hibernate.SQL                        : select ap1_0.id,ap1_0.aircraft_model,ap1_0.airline,ap1_0.arrival_time,ap1_0.avl_seat,ap1_0.departure_time,ap1_0.end,ap1_0.flight_number,ap1_0.num_of_km,ap1_0.price,ap1_0.start from airplane ap1_0 where ap1_0.flight_number=?
Hibernate: select ap1_0.id,ap1_0.aircraft_model,ap1_0.airline,ap1_0.arrival_time,ap1_0.avl_seat,ap1_0.departure_time,ap1_0.end,ap1_0.flight_number,ap1_0.num_of_km,ap1_0.price,ap1_0.start from airplane ap1_0 where ap1_0.flight_number=?
2026-05-15T17:21:05.032+05:30 DEBUG 16192 --- [           main] org.hibernate.SQL                        : select ap1_0.id,ap1_0.aircraft_model,ap1_0.airline,ap1_0.arrival_time,ap1_0.avl_seat,ap1_0.departure_time,ap1_0.end,ap1_0.flight_number,ap1_0.num_of_km,ap1_0.price,ap1_0.start from airplane ap1_0 where ap1_0.flight_number=?
Hibernate: select ap1_0.id,ap1_0.aircraft_model,ap1_0.airline,ap1_0.arrival_time,ap1_0.avl_seat,ap1_0.departure_time,ap1_0.end,ap1_0.flight_number,ap1_0.num_of_km,ap1_0.price,ap1_0.start from airplane ap1_0 where ap1_0.flight_number=?
2026-05-15T17:21:05.039+05:30 DEBUG 16192 --- [           main] org.hibernate.SQL                        : select ap1_0.id,ap1_0.aircraft_model,ap1_0.airline,ap1_0.arrival_time,ap1_0.avl_seat,ap1_0.departure_time,ap1_0.end,ap1_0.flight_number,ap1_0.num_of_km,ap1_0.price,ap1_0.start from airplane ap1_0 where ap1_0.flight_number=?
Hibernate: select ap1_0.id,ap1_0.aircraft_model,ap1_0.airline,ap1_0.arrival_time,ap1_0.avl_seat,ap1_0.departure_time,ap1_0.end,ap1_0.flight_number,ap1_0.num_of_km,ap1_0.price,ap1_0.start from airplane ap1_0 where ap1_0.flight_number=?
2026-05-15T17:21:05.045+05:30 DEBUG 16192 --- [           main] org.hibernate.SQL                        : select ap1_0.id,ap1_0.aircraft_model,ap1_0.airline,ap1_0.arrival_time,ap1_0.avl_seat,ap1_0.departure_time,ap1_0.end,ap1_0.flight_number,ap1_0.num_of_km,ap1_0.price,ap1_0.start from airplane ap1_0 where ap1_0.flight_number=?
Hibernate: select ap1_0.id,ap1_0.aircraft_model,ap1_0.airline,ap1_0.arrival_time,ap1_0.avl_seat,ap1_0.departure_time,ap1_0.end,ap1_0.flight_number,ap1_0.num_of_km,ap1_0.price,ap1_0.start from airplane ap1_0 where ap1_0.flight_number=?
2026-05-15T17:21:05.052+05:30 DEBUG 16192 --- [           main] org.hibernate.SQL                        : select ap1_0.id,ap1_0.aircraft_model,ap1_0.airline,ap1_0.arrival_time,ap1_0.avl_seat,ap1_0.departure_time,ap1_0.end,ap1_0.flight_number,ap1_0.num_of_km,ap1_0.price,ap1_0.start from airplane ap1_0 where ap1_0.flight_number=?
Hibernate: select ap1_0.id,ap1_0.aircraft_model,ap1_0.airline,ap1_0.arrival_time,ap1_0.avl_seat,ap1_0.departure_time,ap1_0.end,ap1_0.flight_number,ap1_0.num_of_km,ap1_0.price,ap1_0.start from airplane ap1_0 where ap1_0.flight_number=?
2026-05-15T17:21:05.061+05:30 DEBUG 16192 --- [           main] o.s.b.a.ApplicationAvailabilityBean      : Application availability state ReadinessState changed to ACCEPTING_TRAFFIC
2026-05-15T17:21:29.042+05:30  INFO 16192 --- [nio-8090-exec-2] o.a.c.c.C.[Tomcat].[localhost].[/]       : Initializing Spring DispatcherServlet 'dispatcherServlet'
2026-05-15T17:21:29.045+05:30  INFO 16192 --- [nio-8090-exec-2] o.s.web.servlet.DispatcherServlet        : Initializing Servlet 'dispatcherServlet'
2026-05-15T17:21:29.045+05:30 DEBUG 16192 --- [nio-8090-exec-2] o.s.web.servlet.DispatcherServlet        : Detected StandardServletMultipartResolver
2026-05-15T17:21:29.046+05:30 DEBUG 16192 --- [nio-8090-exec-2] o.s.web.servlet.DispatcherServlet        : Detected AcceptHeaderLocaleResolver
2026-05-15T17:21:29.047+05:30 DEBUG 16192 --- [nio-8090-exec-2] o.s.web.servlet.DispatcherServlet        : Detected FixedThemeResolver
2026-05-15T17:21:29.068+05:30 DEBUG 16192 --- [nio-8090-exec-2] o.s.web.servlet.DispatcherServlet        : Detected org.springframework.web.servlet.view.DefaultRequestToViewNameTranslator@6fcf3192
2026-05-15T17:21:29.071+05:30 DEBUG 16192 --- [nio-8090-exec-2] o.s.web.servlet.DispatcherServlet        : Detected org.springframework.web.servlet.support.SessionFlashMapManager@453ff774
2026-05-15T17:21:29.075+05:30 DEBUG 16192 --- [nio-8090-exec-2] o.s.web.servlet.DispatcherServlet        : enableLoggingRequestDetails='false': request parameters and headers will be masked to prevent unsafe logging of potentially sensitive data
2026-05-15T17:21:29.076+05:30  INFO 16192 --- [nio-8090-exec-2] o.s.web.servlet.DispatcherServlet        : Completed initialization in 30 ms
2026-05-15T17:21:29.225+05:30 DEBUG 16192 --- [nio-8090-exec-2] o.s.web.servlet.DispatcherServlet        : GET "/api/v1/auth/index", parameters={}
2026-05-15T17:21:29.232+05:30 DEBUG 16192 --- [nio-8090-exec-2] s.w.s.m.m.a.RequestMappingHandlerMapping : Mapped to com.jkshian.arms.controller.AuthenticationController#index(Model, Authentication, HttpServletRequest)
2026-05-15T17:21:29.354+05:30 DEBUG 16192 --- [nio-8090-exec-2] o.s.w.s.v.ContentNegotiatingViewResolver : Selected '*/*' given [*/*]
2026-05-15T17:21:30.198+05:30 DEBUG 16192 --- [nio-8090-exec-2] o.s.web.servlet.DispatcherServlet        : Completed 200 OK
2026-05-15T17:22:24.775+05:30 DEBUG 16192 --- [nio-8090-exec-4] org.hibernate.SQL                        : select u1_0.id,u1_0.email,u1_0.first_name,u1_0.last_name,u1_0.password,u1_0.role from user u1_0 where u1_0.email=?
Hibernate: select u1_0.id,u1_0.email,u1_0.first_name,u1_0.last_name,u1_0.password,u1_0.role from user u1_0 where u1_0.email=?
2026-05-15T17:22:24.938+05:30 DEBUG 16192 --- [nio-8090-exec-4] o.s.web.servlet.DispatcherServlet        : GET "/api/v1/auth/index", parameters={}
2026-05-15T17:22:24.944+05:30 DEBUG 16192 --- [nio-8090-exec-4] s.w.s.m.m.a.RequestMappingHandlerMapping : Mapped to com.jkshian.arms.controller.AuthenticationController#index(Model, Authentication, HttpServletRequest)
2026-05-15T17:22:24.965+05:30 DEBUG 16192 --- [nio-8090-exec-4] o.s.w.s.v.ContentNegotiatingViewResolver : Selected 'text/html' given [text/html, application/xhtml+xml, image/avif, image/webp, image/apng, application/xml;q=0.9, */*;q=0.8, application/signed-exchange;v=b3;q=0.7]
2026-05-15T17:22:25.005+05:30 DEBUG 16192 --- [nio-8090-exec-4] o.s.web.servlet.DispatcherServlet        : Completed 200 OK
2026-05-15T17:22:25.181+05:30 DEBUG 16192 --- [nio-8090-exec-5] org.hibernate.SQL                        : select u1_0.id,u1_0.email,u1_0.first_name,u1_0.last_name,u1_0.password,u1_0.role from user u1_0 where u1_0.email=?
Hibernate: select u1_0.id,u1_0.email,u1_0.first_name,u1_0.last_name,u1_0.password,u1_0.role from user u1_0 where u1_0.email=?
2026-05-15T17:22:25.229+05:30 DEBUG 16192 --- [nio-8090-exec-6] org.hibernate.SQL                        : select u1_0.id,u1_0.email,u1_0.first_name,u1_0.last_name,u1_0.password,u1_0.role from user u1_0 where u1_0.email=?
Hibernate: select u1_0.id,u1_0.email,u1_0.first_name,u1_0.last_name,u1_0.password,u1_0.role from user u1_0 where u1_0.email=?
2026-05-15T17:22:25.232+05:30 DEBUG 16192 --- [nio-8090-exec-1] org.hibernate.SQL                        : select u1_0.id,u1_0.email,u1_0.first_name,u1_0.last_name,u1_0.password,u1_0.role from user u1_0 where u1_0.email=?
Hibernate: select u1_0.id,u1_0.email,u1_0.first_name,u1_0.last_name,u1_0.password,u1_0.role from user u1_0 where u1_0.email=?
2026-05-15T17:22:25.287+05:30 DEBUG 16192 --- [nio-8090-exec-5] o.s.web.servlet.DispatcherServlet        : GET "/images/Jaipur.png", parameters={}
2026-05-15T17:22:25.297+05:30 DEBUG 16192 --- [nio-8090-exec-6] o.s.web.servlet.DispatcherServlet        : GET "/images/HeroSection.png", parameters={}
2026-05-15T17:22:25.302+05:30 DEBUG 16192 --- [nio-8090-exec-9] org.hibernate.SQL                        : select u1_0.id,u1_0.email,u1_0.first_name,u1_0.last_name,u1_0.password,u1_0.role from user u1_0 where u1_0.email=?
Hibernate: select u1_0.id,u1_0.email,u1_0.first_name,u1_0.last_name,u1_0.password,u1_0.role from user u1_0 where u1_0.email=?
2026-05-15T17:22:25.306+05:30 DEBUG 16192 --- [nio-8090-exec-5] o.s.w.s.handler.SimpleUrlHandlerMapping  : Mapped to ResourceHttpRequestHandler [classpath [META-INF/resources/], classpath [resources/], classpath [static/], classpath [public/], ServletContext [/]]
2026-05-15T17:22:25.306+05:30 DEBUG 16192 --- [nio-8090-exec-6] o.s.w.s.handler.SimpleUrlHandlerMapping  : Mapped to ResourceHttpRequestHandler [classpath [META-INF/resources/], classpath [resources/], classpath [static/], classpath [public/], ServletContext [/]]
2026-05-15T17:22:25.308+05:30 DEBUG 16192 --- [nio-8090-exec-7] org.hibernate.SQL                        : select u1_0.id,u1_0.email,u1_0.first_name,u1_0.last_name,u1_0.password,u1_0.role from user u1_0 where u1_0.email=?
2026-05-15T17:22:25.310+05:30 DEBUG 16192 --- [nio-8090-exec-1] o.s.web.servlet.DispatcherServlet        : GET "/css/wingway-index.css", parameters={}
Hibernate: select u1_0.id,u1_0.email,u1_0.first_name,u1_0.last_name,u1_0.password,u1_0.role from user u1_0 where u1_0.email=?
2026-05-15T17:22:25.310+05:30 DEBUG 16192 --- [nio-8090-exec-8] org.hibernate.SQL                        : select u1_0.id,u1_0.email,u1_0.first_name,u1_0.last_name,u1_0.password,u1_0.role from user u1_0 where u1_0.email=?
Hibernate: select u1_0.id,u1_0.email,u1_0.first_name,u1_0.last_name,u1_0.password,u1_0.role from user u1_0 where u1_0.email=?
2026-05-15T17:22:25.313+05:30 DEBUG 16192 --- [nio-8090-exec-1] o.s.w.s.handler.SimpleUrlHandlerMapping  : Mapped to ResourceHttpRequestHandler [classpath [META-INF/resources/], classpath [resources/], classpath [static/], classpath [public/], ServletContext [/]]
2026-05-15T17:22:25.319+05:30 DEBUG 16192 --- [nio-8090-exec-9] o.s.web.servlet.DispatcherServlet        : GET "/images/Goa.png", parameters={}
2026-05-15T17:22:25.323+05:30 DEBUG 16192 --- [nio-8090-exec-9] o.s.w.s.handler.SimpleUrlHandlerMapping  : Mapped to ResourceHttpRequestHandler [classpath [META-INF/resources/], classpath [resources/], classpath [static/], classpath [public/], ServletContext [/]]
2026-05-15T17:22:25.334+05:30 DEBUG 16192 --- [nio-8090-exec-7] o.s.web.servlet.DispatcherServlet        : GET "/images/Phuket.png", parameters={}
2026-05-15T17:22:25.336+05:30 DEBUG 16192 --- [nio-8090-exec-7] o.s.w.s.handler.SimpleUrlHandlerMapping  : Mapped to ResourceHttpRequestHandler [classpath [META-INF/resources/], classpath [resources/], classpath [static/], classpath [public/], ServletContext [/]]
2026-05-15T17:22:25.342+05:30 DEBUG 16192 --- [nio-8090-exec-8] o.s.web.servlet.DispatcherServlet        : GET "/images/Singapore.png", parameters={}
2026-05-15T17:22:25.344+05:30 DEBUG 16192 --- [nio-8090-exec-8] o.s.w.s.handler.SimpleUrlHandlerMapping  : Mapped to ResourceHttpRequestHandler [classpath [META-INF/resources/], classpath [resources/], classpath [static/], classpath [public/], ServletContext [/]]
2026-05-15T17:22:25.402+05:30 DEBUG 16192 --- [nio-8090-exec-1] o.s.web.servlet.DispatcherServlet        : Completed 200 OK
2026-05-15T17:22:25.473+05:30 DEBUG 16192 --- [nio-8090-exec-1] org.hibernate.SQL                        : select u1_0.id,u1_0.email,u1_0.first_name,u1_0.last_name,u1_0.password,u1_0.role from user u1_0 where u1_0.email=?
2026-05-15T17:22:25.460+05:30 DEBUG 16192 --- [nio-8090-exec-7] o.s.web.servlet.DispatcherServlet        : Completed 200 OK
Hibernate: select u1_0.id,u1_0.email,u1_0.first_name,u1_0.last_name,u1_0.password,u1_0.role from user u1_0 where u1_0.email=?
2026-05-15T17:22:26.278+05:30 DEBUG 16192 --- [nio-8090-exec-7] org.hibernate.SQL                        : select u1_0.id,u1_0.email,u1_0.first_name,u1_0.last_name,u1_0.password,u1_0.role from user u1_0 where u1_0.email=?
Hibernate: select u1_0.id,u1_0.email,u1_0.first_name,u1_0.last_name,u1_0.password,u1_0.role from user u1_0 where u1_0.email=?
2026-05-15T17:22:26.318+05:30 DEBUG 16192 --- [nio-8090-exec-7] o.s.web.servlet.DispatcherServlet        : GET "/images/Hanoi.png", parameters={}
2026-05-15T17:22:26.352+05:30 DEBUG 16192 --- [nio-8090-exec-1] o.s.web.servlet.DispatcherServlet        : GET "/js/auth.js", parameters={}
2026-05-15T17:22:26.357+05:30 DEBUG 16192 --- [nio-8090-exec-1] o.s.w.s.handler.SimpleUrlHandlerMapping  : Mapped to ResourceHttpRequestHandler [classpath [META-INF/resources/], classpath [resources/], classpath [static/], classpath [public/], ServletContext [/]]
2026-05-15T17:22:26.393+05:30 DEBUG 16192 --- [nio-8090-exec-7] o.s.w.s.handler.SimpleUrlHandlerMapping  : Mapped to ResourceHttpRequestHandler [classpath [META-INF/resources/], classpath [resources/], classpath [static/], classpath [public/], ServletContext [/]]
2026-05-15T17:22:26.393+05:30 DEBUG 16192 --- [nio-8090-exec-6] o.s.web.servlet.DispatcherServlet        : Completed 200 OK
2026-05-15T17:22:26.470+05:30 DEBUG 16192 --- [nio-8090-exec-1] o.s.web.servlet.DispatcherServlet        : Completed 200 OK
2026-05-15T17:22:26.533+05:30 DEBUG 16192 --- [nio-8090-exec-9] o.s.web.servlet.DispatcherServlet        : Completed 200 OK
2026-05-15T17:22:26.553+05:30 DEBUG 16192 --- [nio-8090-exec-6] org.hibernate.SQL                        : select u1_0.id,u1_0.email,u1_0.first_name,u1_0.last_name,u1_0.password,u1_0.role from user u1_0 where u1_0.email=?
Hibernate: select u1_0.id,u1_0.email,u1_0.first_name,u1_0.last_name,u1_0.password,u1_0.role from user u1_0 where u1_0.email=?
2026-05-15T17:22:26.988+05:30 DEBUG 16192 --- [nio-8090-exec-9] org.hibernate.SQL                        : select u1_0.id,u1_0.email,u1_0.first_name,u1_0.last_name,u1_0.password,u1_0.role from user u1_0 where u1_0.email=?
Hibernate: select u1_0.id,u1_0.email,u1_0.first_name,u1_0.last_name,u1_0.password,u1_0.role from user u1_0 where u1_0.email=?
2026-05-15T17:22:27.022+05:30 DEBUG 16192 --- [nio-8090-exec-1] org.hibernate.SQL                        : select u1_0.id,u1_0.email,u1_0.first_name,u1_0.last_name,u1_0.password,u1_0.role from user u1_0 where u1_0.email=?
Hibernate: select u1_0.id,u1_0.email,u1_0.first_name,u1_0.last_name,u1_0.password,u1_0.role from user u1_0 where u1_0.email=?
2026-05-15T17:22:27.047+05:30 DEBUG 16192 --- [nio-8090-exec-1] o.s.web.servlet.DispatcherServlet        : GET "/images/Dubai.png", parameters={}
2026-05-15T17:22:27.050+05:30 DEBUG 16192 --- [nio-8090-exec-1] o.s.w.s.handler.SimpleUrlHandlerMapping  : Mapped to ResourceHttpRequestHandler [classpath [META-INF/resources/], classpath [resources/], classpath [static/], classpath [public/], ServletContext [/]]
2026-05-15T17:22:27.040+05:30 DEBUG 16192 --- [nio-8090-exec-9] o.s.web.servlet.DispatcherServlet        : GET "/images/Delhi.png", parameters={}
2026-05-15T17:22:27.116+05:30 DEBUG 16192 --- [nio-8090-exec-9] o.s.w.s.handler.SimpleUrlHandlerMapping  : Mapped to ResourceHttpRequestHandler [classpath [META-INF/resources/], classpath [resources/], classpath [static/], classpath [public/], ServletContext [/]]
2026-05-15T17:22:27.116+05:30 DEBUG 16192 --- [nio-8090-exec-6] o.s.web.servlet.DispatcherServlet        : GET "/images/Baku.png", parameters={}
2026-05-15T17:22:27.123+05:30 DEBUG 16192 --- [nio-8090-exec-6] o.s.w.s.handler.SimpleUrlHandlerMapping  : Mapped to ResourceHttpRequestHandler [classpath [META-INF/resources/], classpath [resources/], classpath [static/], classpath [public/], ServletContext [/]]
2026-05-15T17:22:27.841+05:30 DEBUG 16192 --- [nio-8090-exec-7] o.s.web.servlet.DispatcherServlet        : Completed 200 OK
2026-05-15T17:22:27.728+05:30 DEBUG 16192 --- [nio-8090-exec-9] o.s.web.servlet.DispatcherServlet        : Completed 200 OK
2026-05-15T17:22:28.251+05:30 DEBUG 16192 --- [nio-8090-exec-7] org.hibernate.SQL                        : select u1_0.id,u1_0.email,u1_0.first_name,u1_0.last_name,u1_0.password,u1_0.role from user u1_0 where u1_0.email=?
Hibernate: select u1_0.id,u1_0.email,u1_0.first_name,u1_0.last_name,u1_0.password,u1_0.role from user u1_0 where u1_0.email=?
2026-05-15T17:22:28.350+05:30 DEBUG 16192 --- [nio-8090-exec-9] org.hibernate.SQL                        : select u1_0.id,u1_0.email,u1_0.first_name,u1_0.last_name,u1_0.password,u1_0.role from user u1_0 where u1_0.email=?
Hibernate: select u1_0.id,u1_0.email,u1_0.first_name,u1_0.last_name,u1_0.password,u1_0.role from user u1_0 where u1_0.email=?
2026-05-15T17:22:28.414+05:30 DEBUG 16192 --- [nio-8090-exec-1] o.s.web.servlet.DispatcherServlet        : Completed 200 OK
2026-05-15T17:22:28.516+05:30 DEBUG 16192 --- [nio-8090-exec-9] o.s.web.servlet.DispatcherServlet        : GET "/images/Amsterdam.png", parameters={}
2026-05-15T17:22:28.587+05:30 DEBUG 16192 --- [nio-8090-exec-9] o.s.w.s.handler.SimpleUrlHandlerMapping  : Mapped to ResourceHttpRequestHandler [classpath [META-INF/resources/], classpath [resources/], classpath [static/], classpath [public/], ServletContext [/]]
2026-05-15T17:22:28.540+05:30 DEBUG 16192 --- [nio-8090-exec-7] o.s.web.servlet.DispatcherServlet        : GET "/images/Agra.png", parameters={}
2026-05-15T17:22:28.616+05:30 DEBUG 16192 --- [nio-8090-exec-7] o.s.w.s.handler.SimpleUrlHandlerMapping  : Mapped to ResourceHttpRequestHandler [classpath [META-INF/resources/], classpath [resources/], classpath [static/], classpath [public/], ServletContext [/]]
2026-05-15T17:22:28.913+05:30 DEBUG 16192 --- [nio-8090-exec-1] org.hibernate.SQL                        : select u1_0.id,u1_0.email,u1_0.first_name,u1_0.last_name,u1_0.password,u1_0.role from user u1_0 where u1_0.email=?
Hibernate: select u1_0.id,u1_0.email,u1_0.first_name,u1_0.last_name,u1_0.password,u1_0.role from user u1_0 where u1_0.email=?
2026-05-15T17:22:28.969+05:30 DEBUG 16192 --- [nio-8090-exec-7] o.s.web.servlet.DispatcherServlet        : Completed 200 OK
2026-05-15T17:22:28.996+05:30 DEBUG 16192 --- [nio-8090-exec-9] o.s.web.servlet.DispatcherServlet        : Completed 200 OK
2026-05-15T17:22:29.021+05:30 DEBUG 16192 --- [nio-8090-exec-1] o.s.web.servlet.DispatcherServlet        : GET "/images/Paris.png", parameters={}
2026-05-15T17:22:29.027+05:30 DEBUG 16192 --- [nio-8090-exec-1] o.s.w.s.handler.SimpleUrlHandlerMapping  : Mapped to ResourceHttpRequestHandler [classpath [META-INF/resources/], classpath [resources/], classpath [static/], classpath [public/], ServletContext [/]]
2026-05-15T17:22:29.029+05:30 DEBUG 16192 --- [nio-8090-exec-7] org.hibernate.SQL                        : select u1_0.id,u1_0.email,u1_0.first_name,u1_0.last_name,u1_0.password,u1_0.role from user u1_0 where u1_0.email=?
Hibernate: select u1_0.id,u1_0.email,u1_0.first_name,u1_0.last_name,u1_0.password,u1_0.role from user u1_0 where u1_0.email=?
2026-05-15T17:22:29.083+05:30 DEBUG 16192 --- [nio-8090-exec-7] o.s.web.servlet.DispatcherServlet        : GET "/images/Bangkok.png", parameters={}
2026-05-15T17:22:29.086+05:30 DEBUG 16192 --- [nio-8090-exec-9] org.hibernate.SQL                        : select u1_0.id,u1_0.email,u1_0.first_name,u1_0.last_name,u1_0.password,u1_0.role from user u1_0 where u1_0.email=?
Hibernate: select u1_0.id,u1_0.email,u1_0.first_name,u1_0.last_name,u1_0.password,u1_0.role from user u1_0 where u1_0.email=?
2026-05-15T17:22:29.090+05:30 DEBUG 16192 --- [nio-8090-exec-7] o.s.w.s.handler.SimpleUrlHandlerMapping  : Mapped to ResourceHttpRequestHandler [classpath [META-INF/resources/], classpath [resources/], classpath [static/], classpath [public/], ServletContext [/]]
2026-05-15T17:22:29.110+05:30 DEBUG 16192 --- [nio-8090-exec-6] o.s.web.servlet.DispatcherServlet        : Completed 200 OK
2026-05-15T17:22:29.125+05:30 DEBUG 16192 --- [nio-8090-exec-9] o.s.web.servlet.DispatcherServlet        : GET "/images/London.png", parameters={}
2026-05-15T17:22:29.150+05:30 DEBUG 16192 --- [nio-8090-exec-9] o.s.w.s.handler.SimpleUrlHandlerMapping  : Mapped to ResourceHttpRequestHandler [classpath [META-INF/resources/], classpath [resources/], classpath [static/], classpath [public/], ServletContext [/]]
2026-05-15T17:22:29.122+05:30 DEBUG 16192 --- [nio-8090-exec-1] o.s.web.servlet.DispatcherServlet        : Completed 200 OK
2026-05-15T17:22:29.189+05:30 DEBUG 16192 --- [nio-8090-exec-6] org.hibernate.SQL                        : select u1_0.id,u1_0.email,u1_0.first_name,u1_0.last_name,u1_0.password,u1_0.role from user u1_0 where u1_0.email=?
Hibernate: select u1_0.id,u1_0.email,u1_0.first_name,u1_0.last_name,u1_0.password,u1_0.role from user u1_0 where u1_0.email=?
2026-05-15T17:22:29.299+05:30 DEBUG 16192 --- [nio-8090-exec-1] org.hibernate.SQL                        : select u1_0.id,u1_0.email,u1_0.first_name,u1_0.last_name,u1_0.password,u1_0.role from user u1_0 where u1_0.email=?
Hibernate: select u1_0.id,u1_0.email,u1_0.first_name,u1_0.last_name,u1_0.password,u1_0.role from user u1_0 where u1_0.email=?
2026-05-15T17:22:29.349+05:30 DEBUG 16192 --- [nio-8090-exec-6] o.s.web.servlet.DispatcherServlet        : GET "/images/Guangzhou.png", parameters={}
2026-05-15T17:22:29.413+05:30 DEBUG 16192 --- [nio-8090-exec-1] o.s.web.servlet.DispatcherServlet        : GET "/images/Plane.png", parameters={}
2026-05-15T17:22:29.414+05:30 DEBUG 16192 --- [nio-8090-exec-6] o.s.w.s.handler.SimpleUrlHandlerMapping  : Mapped to ResourceHttpRequestHandler [classpath [META-INF/resources/], classpath [resources/], classpath [static/], classpath [public/], ServletContext [/]]
2026-05-15T17:22:29.449+05:30 DEBUG 16192 --- [nio-8090-exec-1] o.s.w.s.handler.SimpleUrlHandlerMapping  : Mapped to ResourceHttpRequestHandler [classpath [META-INF/resources/], classpath [resources/], classpath [static/], classpath [public/], ServletContext [/]]
2026-05-15T17:22:29.565+05:30 DEBUG 16192 --- [nio-8090-exec-1] o.s.web.servlet.DispatcherServlet        : Completed 200 OK
2026-05-15T17:22:29.595+05:30 DEBUG 16192 --- [nio-8090-exec-9] o.s.web.servlet.DispatcherServlet        : Completed 200 OK
2026-05-15T17:22:29.764+05:30 DEBUG 16192 --- [nio-8090-exec-9] org.hibernate.SQL                        : select u1_0.id,u1_0.email,u1_0.first_name,u1_0.last_name,u1_0.password,u1_0.role from user u1_0 where u1_0.email=?
Hibernate: select u1_0.id,u1_0.email,u1_0.first_name,u1_0.last_name,u1_0.password,u1_0.role from user u1_0 where u1_0.email=?
2026-05-15T17:22:29.767+05:30 DEBUG 16192 --- [nio-8090-exec-1] org.hibernate.SQL                        : select u1_0.id,u1_0.email,u1_0.first_name,u1_0.last_name,u1_0.password,u1_0.role from user u1_0 where u1_0.email=?
Hibernate: select u1_0.id,u1_0.email,u1_0.first_name,u1_0.last_name,u1_0.password,u1_0.role from user u1_0 where u1_0.email=?
2026-05-15T17:22:29.806+05:30 DEBUG 16192 --- [nio-8090-exec-9] o.s.web.servlet.DispatcherServlet        : GET "/images/Ticket.png", parameters={}
2026-05-15T17:22:29.820+05:30 DEBUG 16192 --- [nio-8090-exec-9] o.s.w.s.handler.SimpleUrlHandlerMapping  : Mapped to ResourceHttpRequestHandler [classpath [META-INF/resources/], classpath [resources/], classpath [static/], classpath [public/], ServletContext [/]]
2026-05-15T17:22:29.864+05:30 DEBUG 16192 --- [nio-8090-exec-1] o.s.web.servlet.DispatcherServlet        : GET "/images/Baggage.png", parameters={}
2026-05-15T17:22:29.871+05:30 DEBUG 16192 --- [nio-8090-exec-1] o.s.w.s.handler.SimpleUrlHandlerMapping  : Mapped to ResourceHttpRequestHandler [classpath [META-INF/resources/], classpath [resources/], classpath [static/], classpath [public/], ServletContext [/]]
2026-05-15T17:22:29.886+05:30 DEBUG 16192 --- [nio-8090-exec-8] o.s.web.servlet.DispatcherServlet        : Completed 200 OK
2026-05-15T17:22:29.990+05:30 DEBUG 16192 --- [nio-8090-exec-1] o.s.web.servlet.DispatcherServlet        : Completed 200 OK
2026-05-15T17:22:30.061+05:30 DEBUG 16192 --- [nio-8090-exec-5] o.s.web.servlet.DispatcherServlet        : Completed 200 OK
2026-05-15T17:22:30.115+05:30 DEBUG 16192 --- [io-8090-exec-10] org.hibernate.SQL                        : select u1_0.id,u1_0.email,u1_0.first_name,u1_0.last_name,u1_0.password,u1_0.role from user u1_0 where u1_0.email=?
Hibernate: select u1_0.id,u1_0.email,u1_0.first_name,u1_0.last_name,u1_0.password,u1_0.role from user u1_0 where u1_0.email=?
2026-05-15T17:22:30.430+05:30 DEBUG 16192 --- [io-8090-exec-10] o.s.web.servlet.DispatcherServlet        : GET "/images/ContactUs.png", parameters={}
2026-05-15T17:22:30.511+05:30 DEBUG 16192 --- [io-8090-exec-10] o.s.w.s.handler.SimpleUrlHandlerMapping  : Mapped to ResourceHttpRequestHandler [classpath [META-INF/resources/], classpath [resources/], classpath [static/], classpath [public/], ServletContext [/]]
2026-05-15T17:22:30.531+05:30 DEBUG 16192 --- [nio-8090-exec-9] o.s.web.servlet.DispatcherServlet        : Completed 200 OK
2026-05-15T17:22:30.580+05:30 DEBUG 16192 --- [nio-8090-exec-7] o.s.web.servlet.DispatcherServlet        : Completed 200 OK
2026-05-15T17:22:30.578+05:30 DEBUG 16192 --- [io-8090-exec-10] o.s.web.servlet.DispatcherServlet        : Completed 200 OK
2026-05-15T17:22:30.629+05:30 DEBUG 16192 --- [nio-8090-exec-6] o.s.web.servlet.DispatcherServlet        : Completed 200 OK
2026-05-15T17:22:30.720+05:30 DEBUG 16192 --- [nio-8090-exec-2] org.hibernate.SQL                        : select u1_0.id,u1_0.email,u1_0.first_name,u1_0.last_name,u1_0.password,u1_0.role from user u1_0 where u1_0.email=?
Hibernate: select u1_0.id,u1_0.email,u1_0.first_name,u1_0.last_name,u1_0.password,u1_0.role from user u1_0 where u1_0.email=?
2026-05-15T17:22:30.738+05:30 DEBUG 16192 --- [nio-8090-exec-2] o.s.web.servlet.DispatcherServlet        : GET "/favicon.ico", parameters={}
2026-05-15T17:22:30.741+05:30 DEBUG 16192 --- [nio-8090-exec-2] o.s.w.s.handler.SimpleUrlHandlerMapping  : Mapped to ResourceHttpRequestHandler [classpath [META-INF/resources/], classpath [resources/], classpath [static/], classpath [public/], ServletContext [/]]
2026-05-15T17:22:30.749+05:30 DEBUG 16192 --- [nio-8090-exec-2] o.s.w.s.r.ResourceHttpRequestHandler     : Resource not found
2026-05-15T17:22:30.782+05:30 DEBUG 16192 --- [nio-8090-exec-2] .w.s.m.s.DefaultHandlerExceptionResolver : Resolved [org.springframework.web.servlet.resource.NoResourceFoundException: No static resource favicon.ico.]
2026-05-15T17:22:30.782+05:30 DEBUG 16192 --- [nio-8090-exec-2] o.s.web.servlet.DispatcherServlet        : Completed 404 NOT_FOUND
2026-05-15T17:22:33.957+05:30 DEBUG 16192 --- [nio-8090-exec-3] org.hibernate.SQL                        : select u1_0.id,u1_0.email,u1_0.first_name,u1_0.last_name,u1_0.password,u1_0.role from user u1_0 where u1_0.email=?
Hibernate: select u1_0.id,u1_0.email,u1_0.first_name,u1_0.last_name,u1_0.password,u1_0.role from user u1_0 where u1_0.email=?
2026-05-15T17:22:33.980+05:30 DEBUG 16192 --- [nio-8090-exec-3] o.s.web.servlet.DispatcherServlet        : GET "/favicon.ico", parameters={}
2026-05-15T17:22:33.984+05:30 DEBUG 16192 --- [nio-8090-exec-3] o.s.w.s.handler.SimpleUrlHandlerMapping  : Mapped to ResourceHttpRequestHandler [classpath [META-INF/resources/], classpath [resources/], classpath [static/], classpath [public/], ServletContext [/]]
2026-05-15T17:22:33.986+05:30 DEBUG 16192 --- [nio-8090-exec-3] o.s.w.s.r.ResourceHttpRequestHandler     : Resource not found
2026-05-15T17:22:33.988+05:30 DEBUG 16192 --- [nio-8090-exec-3] .w.s.m.s.DefaultHandlerExceptionResolver : Resolved [org.springframework.web.servlet.resource.NoResourceFoundException: No static resource favicon.ico.]
2026-05-15T17:22:33.989+05:30 DEBUG 16192 --- [nio-8090-exec-3] o.s.web.servlet.DispatcherServlet        : Completed 404 NOT_FOUND
2026-05-15T17:22:38.402+05:30 DEBUG 16192 --- [nio-8090-exec-4] org.hibernate.SQL                        : select u1_0.id,u1_0.email,u1_0.first_name,u1_0.last_name,u1_0.password,u1_0.role from user u1_0 where u1_0.email=?
Hibernate: select u1_0.id,u1_0.email,u1_0.first_name,u1_0.last_name,u1_0.password,u1_0.role from user u1_0 where u1_0.email=?
2026-05-15T17:22:38.412+05:30 DEBUG 16192 --- [nio-8090-exec-4] o.s.web.servlet.DispatcherServlet        : GET "/api/v1/demo-controller/user/my-bookings", parameters={}
2026-05-15T17:22:38.412+05:30 DEBUG 16192 --- [nio-8090-exec-4] s.w.s.m.m.a.RequestMappingHandlerMapping : Mapped to com.jkshian.arms.demo.DemoController#myBookings(Model, Authentication)
2026-05-15T17:22:38.645+05:30 DEBUG 16192 --- [nio-8090-exec-4] org.hibernate.SQL                        : select b1_0.id,b1_0.aircraft_model,b1_0.airline,b1_0.arrival_time,b1_0.b_end,b1_0.b_num_ofseat,b1_0.b_start,b1_0.booking_reference,b1_0.class_type,b1_0.departure_time,b1_0.flight_number,b1_0.price,b1_0.seat_numbers,b1_0.user_email from booking b1_0 where b1_0.user_email=? order by b1_0.id desc
Hibernate: select b1_0.id,b1_0.aircraft_model,b1_0.airline,b1_0.arrival_time,b1_0.b_end,b1_0.b_num_ofseat,b1_0.b_start,b1_0.booking_reference,b1_0.class_type,b1_0.departure_time,b1_0.flight_number,b1_0.price,b1_0.seat_numbers,b1_0.user_email from booking b1_0 where b1_0.user_email=? order by b1_0.id desc
2026-05-15T17:22:38.754+05:30 DEBUG 16192 --- [nio-8090-exec-4] o.s.w.s.v.ContentNegotiatingViewResolver : Selected 'text/html' given [text/html, application/xhtml+xml, image/avif, image/webp, image/apng, application/xml;q=0.9, */*;q=0.8, application/signed-exchange;v=b3;q=0.7]
2026-05-15T17:22:38.915+05:30 DEBUG 16192 --- [nio-8090-exec-4] o.s.web.servlet.DispatcherServlet        : Completed 200 OK
2026-05-15T17:22:38.997+05:30 DEBUG 16192 --- [nio-8090-exec-8] org.hibernate.SQL                        : select u1_0.id,u1_0.email,u1_0.first_name,u1_0.last_name,u1_0.password,u1_0.role from user u1_0 where u1_0.email=?
Hibernate: select u1_0.id,u1_0.email,u1_0.first_name,u1_0.last_name,u1_0.password,u1_0.role from user u1_0 where u1_0.email=?
2026-05-15T17:22:39.017+05:30 DEBUG 16192 --- [nio-8090-exec-8] o.s.web.servlet.DispatcherServlet        : GET "/css/bootstrap.min.css", parameters={}
2026-05-15T17:22:39.017+05:30 DEBUG 16192 --- [nio-8090-exec-1] org.hibernate.SQL                        : select u1_0.id,u1_0.email,u1_0.first_name,u1_0.last_name,u1_0.password,u1_0.role from user u1_0 where u1_0.email=?
Hibernate: select u1_0.id,u1_0.email,u1_0.first_name,u1_0.last_name,u1_0.password,u1_0.role from user u1_0 where u1_0.email=?
2026-05-15T17:22:39.017+05:30 DEBUG 16192 --- [nio-8090-exec-8] o.s.w.s.handler.SimpleUrlHandlerMapping  : Mapped to ResourceHttpRequestHandler [classpath [META-INF/resources/], classpath [resources/], classpath [static/], classpath [public/], ServletContext [/]]
2026-05-15T17:22:39.029+05:30 DEBUG 16192 --- [nio-8090-exec-8] o.s.web.servlet.DispatcherServlet        : Completed 200 OK
2026-05-15T17:22:39.029+05:30 DEBUG 16192 --- [nio-8090-exec-1] o.s.web.servlet.DispatcherServlet        : GET "/css/light-bootstrap-dashboard.css?v=1.4.0", parameters={masked}
2026-05-15T17:22:39.031+05:30 DEBUG 16192 --- [nio-8090-exec-1] o.s.w.s.handler.SimpleUrlHandlerMapping  : Mapped to ResourceHttpRequestHandler [classpath [META-INF/resources/], classpath [resources/], classpath [static/], classpath [public/], ServletContext [/]]
2026-05-15T17:22:39.039+05:30 DEBUG 16192 --- [nio-8090-exec-1] o.s.web.servlet.DispatcherServlet        : Completed 200 OK
2026-05-15T17:22:39.078+05:30 DEBUG 16192 --- [nio-8090-exec-5] org.hibernate.SQL                        : select u1_0.id,u1_0.email,u1_0.first_name,u1_0.last_name,u1_0.password,u1_0.role from user u1_0 where u1_0.email=?
Hibernate: select u1_0.id,u1_0.email,u1_0.first_name,u1_0.last_name,u1_0.password,u1_0.role from user u1_0 where u1_0.email=?
2026-05-15T17:22:39.087+05:30 DEBUG 16192 --- [nio-8090-exec-5] o.s.web.servlet.DispatcherServlet        : GET "/favicon.ico", parameters={}
2026-05-15T17:22:39.090+05:30 DEBUG 16192 --- [nio-8090-exec-5] o.s.w.s.handler.SimpleUrlHandlerMapping  : Mapped to ResourceHttpRequestHandler [classpath [META-INF/resources/], classpath [resources/], classpath [static/], classpath [public/], ServletContext [/]]
2026-05-15T17:22:39.097+05:30 DEBUG 16192 --- [nio-8090-exec-5] o.s.w.s.r.ResourceHttpRequestHandler     : Resource not found
2026-05-15T17:22:39.097+05:30 DEBUG 16192 --- [nio-8090-exec-5] .w.s.m.s.DefaultHandlerExceptionResolver : Resolved [org.springframework.web.servlet.resource.NoResourceFoundException: No static resource favicon.ico.]
2026-05-15T17:22:39.100+05:30 DEBUG 16192 --- [nio-8090-exec-5] o.s.web.servlet.DispatcherServlet        : Completed 404 NOT_FOUND
2026-05-15T17:22:41.269+05:30 DEBUG 16192 --- [nio-8090-exec-9] org.hibernate.SQL                        : select u1_0.id,u1_0.email,u1_0.first_name,u1_0.last_name,u1_0.password,u1_0.role from user u1_0 where u1_0.email=?
Hibernate: select u1_0.id,u1_0.email,u1_0.first_name,u1_0.last_name,u1_0.password,u1_0.role from user u1_0 where u1_0.email=?
2026-05-15T17:22:41.285+05:30 DEBUG 16192 --- [nio-8090-exec-9] o.s.web.servlet.DispatcherServlet        : GET "/api/v1/auth/index", parameters={}
2026-05-15T17:22:41.287+05:30 DEBUG 16192 --- [nio-8090-exec-9] s.w.s.m.m.a.RequestMappingHandlerMapping : Mapped to com.jkshian.arms.controller.AuthenticationController#index(Model, Authentication, HttpServletRequest)
2026-05-15T17:22:41.291+05:30 DEBUG 16192 --- [nio-8090-exec-9] o.s.w.s.v.ContentNegotiatingViewResolver : Selected 'text/html' given [text/html, application/xhtml+xml, image/avif, image/webp, image/apng, application/xml;q=0.9, */*;q=0.8, application/signed-exchange;v=b3;q=0.7]
2026-05-15T17:22:41.326+05:30 DEBUG 16192 --- [nio-8090-exec-9] o.s.web.servlet.DispatcherServlet        : Completed 200 OK
2026-05-15T17:22:41.339+05:30 DEBUG 16192 --- [nio-8090-exec-7] org.hibernate.SQL                        : select u1_0.id,u1_0.email,u1_0.first_name,u1_0.last_name,u1_0.password,u1_0.role from user u1_0 where u1_0.email=?
Hibernate: select u1_0.id,u1_0.email,u1_0.first_name,u1_0.last_name,u1_0.password,u1_0.role from user u1_0 where u1_0.email=?
2026-05-15T17:22:41.345+05:30 DEBUG 16192 --- [io-8090-exec-10] org.hibernate.SQL                        : select u1_0.id,u1_0.email,u1_0.first_name,u1_0.last_name,u1_0.password,u1_0.role from user u1_0 where u1_0.email=?
Hibernate: select u1_0.id,u1_0.email,u1_0.first_name,u1_0.last_name,u1_0.password,u1_0.role from user u1_0 where u1_0.email=?
2026-05-15T17:22:41.350+05:30 DEBUG 16192 --- [nio-8090-exec-7] o.s.web.servlet.DispatcherServlet        : GET "/css/wingway-index.css", parameters={}
2026-05-15T17:22:41.352+05:30 DEBUG 16192 --- [nio-8090-exec-7] o.s.w.s.handler.SimpleUrlHandlerMapping  : Mapped to ResourceHttpRequestHandler [classpath [META-INF/resources/], classpath [resources/], classpath [static/], classpath [public/], ServletContext [/]]
2026-05-15T17:22:41.352+05:30 DEBUG 16192 --- [io-8090-exec-10] o.s.web.servlet.DispatcherServlet        : GET "/js/auth.js", parameters={}
2026-05-15T17:22:41.357+05:30 DEBUG 16192 --- [io-8090-exec-10] o.s.w.s.handler.SimpleUrlHandlerMapping  : Mapped to ResourceHttpRequestHandler [classpath [META-INF/resources/], classpath [resources/], classpath [static/], classpath [public/], ServletContext [/]]
2026-05-15T17:22:41.366+05:30 DEBUG 16192 --- [nio-8090-exec-7] o.s.web.servlet.DispatcherServlet        : Completed 200 OK
2026-05-15T17:22:41.377+05:30 DEBUG 16192 --- [io-8090-exec-10] o.s.web.servlet.DispatcherServlet        : Completed 200 OK
2026-05-15T17:22:41.493+05:30 DEBUG 16192 --- [nio-8090-exec-6] org.hibernate.SQL                        : select u1_0.id,u1_0.email,u1_0.first_name,u1_0.last_name,u1_0.password,u1_0.role from user u1_0 where u1_0.email=?
Hibernate: select u1_0.id,u1_0.email,u1_0.first_name,u1_0.last_name,u1_0.password,u1_0.role from user u1_0 where u1_0.email=?
2026-05-15T17:22:41.504+05:30 DEBUG 16192 --- [nio-8090-exec-6] o.s.web.servlet.DispatcherServlet        : GET "/favicon.ico", parameters={}
2026-05-15T17:22:41.506+05:30 DEBUG 16192 --- [nio-8090-exec-6] o.s.w.s.handler.SimpleUrlHandlerMapping  : Mapped to ResourceHttpRequestHandler [classpath [META-INF/resources/], classpath [resources/], classpath [static/], classpath [public/], ServletContext [/]]
2026-05-15T17:22:41.508+05:30 DEBUG 16192 --- [nio-8090-exec-6] o.s.w.s.r.ResourceHttpRequestHandler     : Resource not found
2026-05-15T17:22:41.510+05:30 DEBUG 16192 --- [nio-8090-exec-6] .w.s.m.s.DefaultHandlerExceptionResolver : Resolved [org.springframework.web.servlet.resource.NoResourceFoundException: No static resource favicon.ico.]
2026-05-15T17:22:41.510+05:30 DEBUG 16192 --- [nio-8090-exec-6] o.s.web.servlet.DispatcherServlet        : Completed 404 NOT_FOUND
2026-05-15T17:22:44.384+05:30 DEBUG 16192 --- [nio-8090-exec-2] org.hibernate.SQL                        : select u1_0.id,u1_0.email,u1_0.first_name,u1_0.last_name,u1_0.password,u1_0.role from user u1_0 where u1_0.email=?
Hibernate: select u1_0.id,u1_0.email,u1_0.first_name,u1_0.last_name,u1_0.password,u1_0.role from user u1_0 where u1_0.email=?
2026-05-15T17:22:44.394+05:30 DEBUG 16192 --- [nio-8090-exec-2] o.s.web.servlet.DispatcherServlet        : GET "/api/v1/demo-controller/admin/notifications", parameters={}
2026-05-15T17:22:44.394+05:30 DEBUG 16192 --- [nio-8090-exec-2] s.w.s.m.m.a.RequestMappingHandlerMapping : Mapped to com.jkshian.arms.demo.DemoController#notificationsPage()
2026-05-15T17:22:44.412+05:30 DEBUG 16192 --- [nio-8090-exec-2] o.s.web.servlet.DispatcherServlet        : Failed to complete request: org.springframework.security.authorization.AuthorizationDeniedException: Access Denied
2026-05-15T17:22:47.923+05:30 DEBUG 16192 --- [nio-8090-exec-3] org.hibernate.SQL                        : select u1_0.id,u1_0.email,u1_0.first_name,u1_0.last_name,u1_0.password,u1_0.role from user u1_0 where u1_0.email=?
Hibernate: select u1_0.id,u1_0.email,u1_0.first_name,u1_0.last_name,u1_0.password,u1_0.role from user u1_0 where u1_0.email=?
2026-05-15T17:22:47.939+05:30 DEBUG 16192 --- [nio-8090-exec-3] o.s.web.servlet.DispatcherServlet        : GET "/api/v1/demo-controller/admin/notifications", parameters={}
2026-05-15T17:22:47.941+05:30 DEBUG 16192 --- [nio-8090-exec-3] s.w.s.m.m.a.RequestMappingHandlerMapping : Mapped to com.jkshian.arms.demo.DemoController#notificationsPage()
2026-05-15T17:22:47.958+05:30 DEBUG 16192 --- [nio-8090-exec-3] o.s.web.servlet.DispatcherServlet        : Failed to complete request: org.springframework.security.authorization.AuthorizationDeniedException: Access Denied
2026-05-15T17:22:49.293+05:30 DEBUG 16192 --- [nio-8090-exec-4] org.hibernate.SQL                        : select u1_0.id,u1_0.email,u1_0.first_name,u1_0.last_name,u1_0.password,u1_0.role from user u1_0 where u1_0.email=?
Hibernate: select u1_0.id,u1_0.email,u1_0.first_name,u1_0.last_name,u1_0.password,u1_0.role from user u1_0 where u1_0.email=?
2026-05-15T17:22:49.305+05:30 DEBUG 16192 --- [nio-8090-exec-4] o.s.web.servlet.DispatcherServlet        : GET "/api/v1/demo-controller/admin/notifications", parameters={}
2026-05-15T17:22:49.305+05:30 DEBUG 16192 --- [nio-8090-exec-4] s.w.s.m.m.a.RequestMappingHandlerMapping : Mapped to com.jkshian.arms.demo.DemoController#notificationsPage()
2026-05-15T17:22:49.308+05:30 DEBUG 16192 --- [nio-8090-exec-4] o.s.web.servlet.DispatcherServlet        : Failed to complete request: org.springframework.security.authorization.AuthorizationDeniedException: Access Denied
2026-05-15T17:22:50.394+05:30 DEBUG 16192 --- [nio-8090-exec-8] org.hibernate.SQL                        : select u1_0.id,u1_0.email,u1_0.first_name,u1_0.last_name,u1_0.password,u1_0.role from user u1_0 where u1_0.email=?
Hibernate: select u1_0.id,u1_0.email,u1_0.first_name,u1_0.last_name,u1_0.password,u1_0.role from user u1_0 where u1_0.email=?
2026-05-15T17:22:50.425+05:30 DEBUG 16192 --- [nio-8090-exec-8] o.s.web.servlet.DispatcherServlet        : GET "/api/v1/auth/index", parameters={}
2026-05-15T17:22:50.429+05:30 DEBUG 16192 --- [nio-8090-exec-8] s.w.s.m.m.a.RequestMappingHandlerMapping : Mapped to com.jkshian.arms.controller.AuthenticationController#index(Model, Authentication, HttpServletRequest)
2026-05-15T17:22:50.435+05:30 DEBUG 16192 --- [nio-8090-exec-8] o.s.w.s.v.ContentNegotiatingViewResolver : Selected 'text/html' given [text/html, application/xhtml+xml, image/avif, image/webp, image/apng, application/xml;q=0.9, */*;q=0.8, application/signed-exchange;v=b3;q=0.7]
2026-05-15T17:22:50.472+05:30 DEBUG 16192 --- [nio-8090-exec-8] o.s.web.servlet.DispatcherServlet        : Completed 200 OK
2026-05-15T17:22:50.511+05:30 DEBUG 16192 --- [nio-8090-exec-9] org.hibernate.SQL                        : select u1_0.id,u1_0.email,u1_0.first_name,u1_0.last_name,u1_0.password,u1_0.role from user u1_0 where u1_0.email=?
Hibernate: select u1_0.id,u1_0.email,u1_0.first_name,u1_0.last_name,u1_0.password,u1_0.role from user u1_0 where u1_0.email=?
2026-05-15T17:22:50.537+05:30 DEBUG 16192 --- [nio-8090-exec-1] org.hibernate.SQL                        : select u1_0.id,u1_0.email,u1_0.first_name,u1_0.last_name,u1_0.password,u1_0.role from user u1_0 where u1_0.email=?
2026-05-15T17:22:50.558+05:30 DEBUG 16192 --- [nio-8090-exec-9] o.s.web.servlet.DispatcherServlet        : GET "/images/Jaipur.png", parameters={}
Hibernate: select u1_0.id,u1_0.email,u1_0.first_name,u1_0.last_name,u1_0.password,u1_0.role from user u1_0 where u1_0.email=?
2026-05-15T17:22:50.559+05:30 DEBUG 16192 --- [nio-8090-exec-7] org.hibernate.SQL                        : select u1_0.id,u1_0.email,u1_0.first_name,u1_0.last_name,u1_0.password,u1_0.role from user u1_0 where u1_0.email=?
Hibernate: select u1_0.id,u1_0.email,u1_0.first_name,u1_0.last_name,u1_0.password,u1_0.role from user u1_0 where u1_0.email=?
2026-05-15T17:22:50.564+05:30 DEBUG 16192 --- [nio-8090-exec-5] org.hibernate.SQL                        : select u1_0.id,u1_0.email,u1_0.first_name,u1_0.last_name,u1_0.password,u1_0.role from user u1_0 where u1_0.email=?
Hibernate: select u1_0.id,u1_0.email,u1_0.first_name,u1_0.last_name,u1_0.password,u1_0.role from user u1_0 where u1_0.email=?
2026-05-15T17:22:50.565+05:30 DEBUG 16192 --- [io-8090-exec-10] org.hibernate.SQL                        : select u1_0.id,u1_0.email,u1_0.first_name,u1_0.last_name,u1_0.password,u1_0.role from user u1_0 where u1_0.email=?
2026-05-15T17:22:50.565+05:30 DEBUG 16192 --- [nio-8090-exec-6] org.hibernate.SQL                        : select u1_0.id,u1_0.email,u1_0.first_name,u1_0.last_name,u1_0.password,u1_0.role from user u1_0 where u1_0.email=?
Hibernate: select u1_0.id,u1_0.email,u1_0.first_name,u1_0.last_name,u1_0.password,u1_0.role from user u1_0 where u1_0.email=?
Hibernate: select u1_0.id,u1_0.email,u1_0.first_name,u1_0.last_name,u1_0.password,u1_0.role from user u1_0 where u1_0.email=?
2026-05-15T17:22:50.569+05:30 DEBUG 16192 --- [nio-8090-exec-9] o.s.w.s.handler.SimpleUrlHandlerMapping  : Mapped to ResourceHttpRequestHandler [classpath [META-INF/resources/], classpath [resources/], classpath [static/], classpath [public/], ServletContext [/]]
2026-05-15T17:22:50.577+05:30 DEBUG 16192 --- [io-8090-exec-10] o.s.web.servlet.DispatcherServlet        : GET "/images/Goa.png", parameters={}
2026-05-15T17:22:50.577+05:30 DEBUG 16192 --- [nio-8090-exec-6] o.s.web.servlet.DispatcherServlet        : GET "/images/Phuket.png", parameters={}
2026-05-15T17:22:50.579+05:30 DEBUG 16192 --- [nio-8090-exec-7] o.s.web.servlet.DispatcherServlet        : GET "/images/Singapore.png", parameters={}
2026-05-15T17:22:50.581+05:30 DEBUG 16192 --- [nio-8090-exec-7] o.s.w.s.handler.SimpleUrlHandlerMapping  : Mapped to ResourceHttpRequestHandler [classpath [META-INF/resources/], classpath [resources/], classpath [static/], classpath [public/], ServletContext [/]]
2026-05-15T17:22:50.581+05:30 DEBUG 16192 --- [nio-8090-exec-6] o.s.w.s.handler.SimpleUrlHandlerMapping  : Mapped to ResourceHttpRequestHandler [classpath [META-INF/resources/], classpath [resources/], classpath [static/], classpath [public/], ServletContext [/]]
2026-05-15T17:22:50.583+05:30 DEBUG 16192 --- [io-8090-exec-10] o.s.w.s.handler.SimpleUrlHandlerMapping  : Mapped to ResourceHttpRequestHandler [classpath [META-INF/resources/], classpath [resources/], classpath [static/], classpath [public/], ServletContext [/]]
2026-05-15T17:22:50.585+05:30 DEBUG 16192 --- [nio-8090-exec-1] o.s.web.servlet.DispatcherServlet        : GET "/css/wingway-index.css", parameters={}
2026-05-15T17:22:50.587+05:30 DEBUG 16192 --- [nio-8090-exec-1] o.s.w.s.handler.SimpleUrlHandlerMapping  : Mapped to ResourceHttpRequestHandler [classpath [META-INF/resources/], classpath [resources/], classpath [static/], classpath [public/], ServletContext [/]]
2026-05-15T17:22:50.592+05:30 DEBUG 16192 --- [nio-8090-exec-5] o.s.web.servlet.DispatcherServlet        : GET "/images/HeroSection.png", parameters={}
2026-05-15T17:22:50.596+05:30 DEBUG 16192 --- [nio-8090-exec-5] o.s.w.s.handler.SimpleUrlHandlerMapping  : Mapped to ResourceHttpRequestHandler [classpath [META-INF/resources/], classpath [resources/], classpath [static/], classpath [public/], ServletContext [/]]
2026-05-15T17:22:50.614+05:30 DEBUG 16192 --- [nio-8090-exec-1] o.s.web.servlet.DispatcherServlet        : Completed 200 OK
2026-05-15T17:22:50.622+05:30 DEBUG 16192 --- [nio-8090-exec-6] o.s.web.servlet.DispatcherServlet        : Completed 200 OK
2026-05-15T17:22:50.663+05:30 DEBUG 16192 --- [nio-8090-exec-2] org.hibernate.SQL                        : select u1_0.id,u1_0.email,u1_0.first_name,u1_0.last_name,u1_0.password,u1_0.role from user u1_0 where u1_0.email=?
Hibernate: select u1_0.id,u1_0.email,u1_0.first_name,u1_0.last_name,u1_0.password,u1_0.role from user u1_0 where u1_0.email=?
2026-05-15T17:22:50.682+05:30 DEBUG 16192 --- [nio-8090-exec-2] o.s.web.servlet.DispatcherServlet        : GET "/js/auth.js", parameters={}
2026-05-15T17:22:50.691+05:30 DEBUG 16192 --- [nio-8090-exec-2] o.s.w.s.handler.SimpleUrlHandlerMapping  : Mapped to ResourceHttpRequestHandler [classpath [META-INF/resources/], classpath [resources/], classpath [static/], classpath [public/], ServletContext [/]]
2026-05-15T17:22:50.754+05:30 DEBUG 16192 --- [nio-8090-exec-2] o.s.web.servlet.DispatcherServlet        : Completed 200 OK
2026-05-15T17:22:50.759+05:30 DEBUG 16192 --- [nio-8090-exec-6] org.hibernate.SQL                        : select u1_0.id,u1_0.email,u1_0.first_name,u1_0.last_name,u1_0.password,u1_0.role from user u1_0 where u1_0.email=?
Hibernate: select u1_0.id,u1_0.email,u1_0.first_name,u1_0.last_name,u1_0.password,u1_0.role from user u1_0 where u1_0.email=?
2026-05-15T17:22:50.770+05:30 DEBUG 16192 --- [io-8090-exec-10] o.s.web.servlet.DispatcherServlet        : Completed 200 OK
2026-05-15T17:22:50.808+05:30 DEBUG 16192 --- [nio-8090-exec-6] o.s.web.servlet.DispatcherServlet        : GET "/images/Hanoi.png", parameters={}
2026-05-15T17:22:50.810+05:30 DEBUG 16192 --- [nio-8090-exec-5] o.s.web.servlet.DispatcherServlet        : Completed 200 OK
2026-05-15T17:22:50.813+05:30 DEBUG 16192 --- [nio-8090-exec-6] o.s.w.s.handler.SimpleUrlHandlerMapping  : Mapped to ResourceHttpRequestHandler [classpath [META-INF/resources/], classpath [resources/], classpath [static/], classpath [public/], ServletContext [/]]
2026-05-15T17:22:50.826+05:30 DEBUG 16192 --- [nio-8090-exec-2] org.hibernate.SQL                        : select u1_0.id,u1_0.email,u1_0.first_name,u1_0.last_name,u1_0.password,u1_0.role from user u1_0 where u1_0.email=?
2026-05-15T17:22:50.826+05:30 DEBUG 16192 --- [io-8090-exec-10] org.hibernate.SQL                        : select u1_0.id,u1_0.email,u1_0.first_name,u1_0.last_name,u1_0.password,u1_0.role from user u1_0 where u1_0.email=?
Hibernate: select u1_0.id,u1_0.email,u1_0.first_name,u1_0.last_name,u1_0.password,u1_0.role from user u1_0 where u1_0.email=?
Hibernate: select u1_0.id,u1_0.email,u1_0.first_name,u1_0.last_name,u1_0.password,u1_0.role from user u1_0 where u1_0.email=?
2026-05-15T17:22:50.843+05:30 DEBUG 16192 --- [nio-8090-exec-2] o.s.web.servlet.DispatcherServlet        : GET "/images/Baku.png", parameters={}
2026-05-15T17:22:50.843+05:30 DEBUG 16192 --- [io-8090-exec-10] o.s.web.servlet.DispatcherServlet        : GET "/images/Dubai.png", parameters={}
2026-05-15T17:22:50.845+05:30 DEBUG 16192 --- [nio-8090-exec-2] o.s.w.s.handler.SimpleUrlHandlerMapping  : Mapped to ResourceHttpRequestHandler [classpath [META-INF/resources/], classpath [resources/], classpath [static/], classpath [public/], ServletContext [/]]
2026-05-15T17:22:50.849+05:30 DEBUG 16192 --- [io-8090-exec-10] o.s.w.s.handler.SimpleUrlHandlerMapping  : Mapped to ResourceHttpRequestHandler [classpath [META-INF/resources/], classpath [resources/], classpath [static/], classpath [public/], ServletContext [/]]
2026-05-15T17:22:50.858+05:30 DEBUG 16192 --- [nio-8090-exec-5] org.hibernate.SQL                        : select u1_0.id,u1_0.email,u1_0.first_name,u1_0.last_name,u1_0.password,u1_0.role from user u1_0 where u1_0.email=?
Hibernate: select u1_0.id,u1_0.email,u1_0.first_name,u1_0.last_name,u1_0.password,u1_0.role from user u1_0 where u1_0.email=?
2026-05-15T17:22:50.951+05:30 DEBUG 16192 --- [nio-8090-exec-5] o.s.web.servlet.DispatcherServlet        : GET "/images/Delhi.png", parameters={}
2026-05-15T17:22:50.953+05:30 DEBUG 16192 --- [nio-8090-exec-5] o.s.w.s.handler.SimpleUrlHandlerMapping  : Mapped to ResourceHttpRequestHandler [classpath [META-INF/resources/], classpath [resources/], classpath [static/], classpath [public/], ServletContext [/]]
2026-05-15T17:22:51.228+05:30 DEBUG 16192 --- [nio-8090-exec-5] o.s.web.servlet.DispatcherServlet        : Completed 200 OK
2026-05-15T17:22:51.248+05:30 DEBUG 16192 --- [io-8090-exec-10] o.s.web.servlet.DispatcherServlet        : Completed 200 OK
2026-05-15T17:22:51.322+05:30 DEBUG 16192 --- [nio-8090-exec-5] org.hibernate.SQL                        : select u1_0.id,u1_0.email,u1_0.first_name,u1_0.last_name,u1_0.password,u1_0.role from user u1_0 where u1_0.email=?
Hibernate: select u1_0.id,u1_0.email,u1_0.first_name,u1_0.last_name,u1_0.password,u1_0.role from user u1_0 where u1_0.email=?
2026-05-15T17:22:51.363+05:30 DEBUG 16192 --- [nio-8090-exec-3] org.hibernate.SQL                        : select u1_0.id,u1_0.email,u1_0.first_name,u1_0.last_name,u1_0.password,u1_0.role from user u1_0 where u1_0.email=?
Hibernate: select u1_0.id,u1_0.email,u1_0.first_name,u1_0.last_name,u1_0.password,u1_0.role from user u1_0 where u1_0.email=?
2026-05-15T17:22:51.373+05:30 DEBUG 16192 --- [nio-8090-exec-5] o.s.web.servlet.DispatcherServlet        : GET "/images/Amsterdam.png", parameters={}
2026-05-15T17:22:51.378+05:30 DEBUG 16192 --- [nio-8090-exec-5] o.s.w.s.handler.SimpleUrlHandlerMapping  : Mapped to ResourceHttpRequestHandler [classpath [META-INF/resources/], classpath [resources/], classpath [static/], classpath [public/], ServletContext [/]]
2026-05-15T17:22:51.393+05:30 DEBUG 16192 --- [nio-8090-exec-6] o.s.web.servlet.DispatcherServlet        : Completed 200 OK
2026-05-15T17:22:51.464+05:30 DEBUG 16192 --- [nio-8090-exec-3] o.s.web.servlet.DispatcherServlet        : GET "/images/Agra.png", parameters={}
2026-05-15T17:22:51.469+05:30 DEBUG 16192 --- [nio-8090-exec-3] o.s.w.s.handler.SimpleUrlHandlerMapping  : Mapped to ResourceHttpRequestHandler [classpath [META-INF/resources/], classpath [resources/], classpath [static/], classpath [public/], ServletContext [/]]
2026-05-15T17:22:51.508+05:30 DEBUG 16192 --- [nio-8090-exec-6] org.hibernate.SQL                        : select u1_0.id,u1_0.email,u1_0.first_name,u1_0.last_name,u1_0.password,u1_0.role from user u1_0 where u1_0.email=?
Hibernate: select u1_0.id,u1_0.email,u1_0.first_name,u1_0.last_name,u1_0.password,u1_0.role from user u1_0 where u1_0.email=?
2026-05-15T17:22:51.547+05:30 DEBUG 16192 --- [nio-8090-exec-6] o.s.web.servlet.DispatcherServlet        : GET "/images/Paris.png", parameters={}
2026-05-15T17:22:51.550+05:30 DEBUG 16192 --- [nio-8090-exec-6] o.s.w.s.handler.SimpleUrlHandlerMapping  : Mapped to ResourceHttpRequestHandler [classpath [META-INF/resources/], classpath [resources/], classpath [static/], classpath [public/], ServletContext [/]]
2026-05-15T17:22:51.555+05:30 DEBUG 16192 --- [nio-8090-exec-5] o.s.web.servlet.DispatcherServlet        : Completed 200 OK
2026-05-15T17:22:51.575+05:30 DEBUG 16192 --- [nio-8090-exec-3] o.s.web.servlet.DispatcherServlet        : Completed 200 OK
2026-05-15T17:22:51.667+05:30 DEBUG 16192 --- [nio-8090-exec-6] o.s.web.servlet.DispatcherServlet        : Completed 200 OK
2026-05-15T17:22:51.683+05:30 DEBUG 16192 --- [nio-8090-exec-5] org.hibernate.SQL                        : select u1_0.id,u1_0.email,u1_0.first_name,u1_0.last_name,u1_0.password,u1_0.role from user u1_0 where u1_0.email=?
Hibernate: select u1_0.id,u1_0.email,u1_0.first_name,u1_0.last_name,u1_0.password,u1_0.role from user u1_0 where u1_0.email=?
2026-05-15T17:22:51.696+05:30 DEBUG 16192 --- [nio-8090-exec-5] o.s.web.servlet.DispatcherServlet        : GET "/images/Bangkok.png", parameters={}
2026-05-15T17:22:51.698+05:30 DEBUG 16192 --- [nio-8090-exec-5] o.s.w.s.handler.SimpleUrlHandlerMapping  : Mapped to ResourceHttpRequestHandler [classpath [META-INF/resources/], classpath [resources/], classpath [static/], classpath [public/], ServletContext [/]]
2026-05-15T17:22:51.718+05:30 DEBUG 16192 --- [nio-8090-exec-3] org.hibernate.SQL                        : select u1_0.id,u1_0.email,u1_0.first_name,u1_0.last_name,u1_0.password,u1_0.role from user u1_0 where u1_0.email=?
Hibernate: select u1_0.id,u1_0.email,u1_0.first_name,u1_0.last_name,u1_0.password,u1_0.role from user u1_0 where u1_0.email=?
2026-05-15T17:22:51.720+05:30 DEBUG 16192 --- [nio-8090-exec-6] org.hibernate.SQL                        : select u1_0.id,u1_0.email,u1_0.first_name,u1_0.last_name,u1_0.password,u1_0.role from user u1_0 where u1_0.email=?
Hibernate: select u1_0.id,u1_0.email,u1_0.first_name,u1_0.last_name,u1_0.password,u1_0.role from user u1_0 where u1_0.email=?
2026-05-15T17:22:51.724+05:30 DEBUG 16192 --- [nio-8090-exec-3] o.s.web.servlet.DispatcherServlet        : GET "/images/London.png", parameters={}
2026-05-15T17:22:51.731+05:30 DEBUG 16192 --- [nio-8090-exec-3] o.s.w.s.handler.SimpleUrlHandlerMapping  : Mapped to ResourceHttpRequestHandler [classpath [META-INF/resources/], classpath [resources/], classpath [static/], classpath [public/], ServletContext [/]]
2026-05-15T17:22:51.744+05:30 DEBUG 16192 --- [nio-8090-exec-6] o.s.web.servlet.DispatcherServlet        : GET "/images/Guangzhou.png", parameters={}
2026-05-15T17:22:51.747+05:30 DEBUG 16192 --- [nio-8090-exec-6] o.s.w.s.handler.SimpleUrlHandlerMapping  : Mapped to ResourceHttpRequestHandler [classpath [META-INF/resources/], classpath [resources/], classpath [static/], classpath [public/], ServletContext [/]]
2026-05-15T17:22:51.766+05:30 DEBUG 16192 --- [nio-8090-exec-2] o.s.web.servlet.DispatcherServlet        : Completed 200 OK
2026-05-15T17:22:51.884+05:30 DEBUG 16192 --- [nio-8090-exec-3] o.s.web.servlet.DispatcherServlet        : Completed 200 OK
2026-05-15T17:22:52.056+05:30 DEBUG 16192 --- [nio-8090-exec-2] org.hibernate.SQL                        : select u1_0.id,u1_0.email,u1_0.first_name,u1_0.last_name,u1_0.password,u1_0.role from user u1_0 where u1_0.email=?
Hibernate: select u1_0.id,u1_0.email,u1_0.first_name,u1_0.last_name,u1_0.password,u1_0.role from user u1_0 where u1_0.email=?
2026-05-15T17:22:52.102+05:30 DEBUG 16192 --- [nio-8090-exec-3] org.hibernate.SQL                        : select u1_0.id,u1_0.email,u1_0.first_name,u1_0.last_name,u1_0.password,u1_0.role from user u1_0 where u1_0.email=?
Hibernate: select u1_0.id,u1_0.email,u1_0.first_name,u1_0.last_name,u1_0.password,u1_0.role from user u1_0 where u1_0.email=?
2026-05-15T17:22:52.122+05:30 DEBUG 16192 --- [nio-8090-exec-2] o.s.web.servlet.DispatcherServlet        : GET "/images/Plane.png", parameters={}
2026-05-15T17:22:52.122+05:30 DEBUG 16192 --- [nio-8090-exec-3] o.s.web.servlet.DispatcherServlet        : GET "/images/Baggage.png", parameters={}
2026-05-15T17:22:52.123+05:30 DEBUG 16192 --- [nio-8090-exec-2] o.s.w.s.handler.SimpleUrlHandlerMapping  : Mapped to ResourceHttpRequestHandler [classpath [META-INF/resources/], classpath [resources/], classpath [static/], classpath [public/], ServletContext [/]]
2026-05-15T17:22:52.124+05:30 DEBUG 16192 --- [nio-8090-exec-3] o.s.w.s.handler.SimpleUrlHandlerMapping  : Mapped to ResourceHttpRequestHandler [classpath [META-INF/resources/], classpath [resources/], classpath [static/], classpath [public/], ServletContext [/]]
2026-05-15T17:22:52.173+05:30 DEBUG 16192 --- [nio-8090-exec-2] o.s.web.servlet.DispatcherServlet        : Completed 200 OK
2026-05-15T17:22:52.178+05:30 DEBUG 16192 --- [nio-8090-exec-7] o.s.web.servlet.DispatcherServlet        : Completed 200 OK
2026-05-15T17:22:52.197+05:30 DEBUG 16192 --- [nio-8090-exec-3] o.s.web.servlet.DispatcherServlet        : Completed 200 OK
2026-05-15T17:22:52.235+05:30 DEBUG 16192 --- [nio-8090-exec-3] org.hibernate.SQL                        : select u1_0.id,u1_0.email,u1_0.first_name,u1_0.last_name,u1_0.password,u1_0.role from user u1_0 where u1_0.email=?
2026-05-15T17:22:52.235+05:30 DEBUG 16192 --- [nio-8090-exec-7] org.hibernate.SQL                        : select u1_0.id,u1_0.email,u1_0.first_name,u1_0.last_name,u1_0.password,u1_0.role from user u1_0 where u1_0.email=?
Hibernate: select u1_0.id,u1_0.email,u1_0.first_name,u1_0.last_name,u1_0.password,u1_0.role from user u1_0 where u1_0.email=?
Hibernate: select u1_0.id,u1_0.email,u1_0.first_name,u1_0.last_name,u1_0.password,u1_0.role from user u1_0 where u1_0.email=?
2026-05-15T17:22:52.239+05:30 DEBUG 16192 --- [nio-8090-exec-3] o.s.web.servlet.DispatcherServlet        : GET "/images/ContactUs.png", parameters={}
2026-05-15T17:22:52.249+05:30 DEBUG 16192 --- [nio-8090-exec-3] o.s.w.s.handler.SimpleUrlHandlerMapping  : Mapped to ResourceHttpRequestHandler [classpath [META-INF/resources/], classpath [resources/], classpath [static/], classpath [public/], ServletContext [/]]
2026-05-15T17:22:52.253+05:30 DEBUG 16192 --- [nio-8090-exec-2] org.hibernate.SQL                        : select u1_0.id,u1_0.email,u1_0.first_name,u1_0.last_name,u1_0.password,u1_0.role from user u1_0 where u1_0.email=?
Hibernate: select u1_0.id,u1_0.email,u1_0.first_name,u1_0.last_name,u1_0.password,u1_0.role from user u1_0 where u1_0.email=?
2026-05-15T17:22:52.258+05:30 DEBUG 16192 --- [nio-8090-exec-2] o.s.web.servlet.DispatcherServlet        : GET "/api/v1/auth/contact", parameters={}
2026-05-15T17:22:52.273+05:30 DEBUG 16192 --- [nio-8090-exec-2] s.w.s.m.m.a.RequestMappingHandlerMapping : Mapped to com.jkshian.arms.controller.AuthenticationController#contact()
2026-05-15T17:22:52.262+05:30 DEBUG 16192 --- [nio-8090-exec-7] o.s.web.servlet.DispatcherServlet        : GET "/images/Ticket.png", parameters={}
2026-05-15T17:22:52.283+05:30 DEBUG 16192 --- [nio-8090-exec-7] o.s.w.s.handler.SimpleUrlHandlerMapping  : Mapped to ResourceHttpRequestHandler [classpath [META-INF/resources/], classpath [resources/], classpath [static/], classpath [public/], ServletContext [/]]
2026-05-15T17:22:52.305+05:30 DEBUG 16192 --- [nio-8090-exec-3] o.s.web.servlet.DispatcherServlet        : Completed 200 OK
2026-05-15T17:22:52.325+05:30 DEBUG 16192 --- [nio-8090-exec-2] o.s.w.s.v.ContentNegotiatingViewResolver : Selected 'text/html' given [text/html, application/xhtml+xml, image/avif, image/webp, image/apng, application/xml;q=0.9, */*;q=0.8, application/signed-exchange;v=b3;q=0.7]
2026-05-15T17:22:52.337+05:30 DEBUG 16192 --- [nio-8090-exec-6] o.s.web.servlet.DispatcherServlet        : Completed 200 OK
2026-05-15T17:22:52.359+05:30 DEBUG 16192 --- [nio-8090-exec-5] o.s.web.servlet.DispatcherServlet        : Completed 200 OK
2026-05-15T17:22:52.404+05:30 DEBUG 16192 --- [nio-8090-exec-9] o.s.web.servlet.DispatcherServlet        : Completed 200 OK
2026-05-15T17:22:52.512+05:30 DEBUG 16192 --- [nio-8090-exec-2] o.s.web.servlet.DispatcherServlet        : Completed 200 OK
2026-05-15T17:22:52.520+05:30 DEBUG 16192 --- [nio-8090-exec-7] o.s.web.servlet.DispatcherServlet        : Completed 200 OK
2026-05-15T17:22:52.530+05:30 DEBUG 16192 --- [nio-8090-exec-4] org.hibernate.SQL                        : select u1_0.id,u1_0.email,u1_0.first_name,u1_0.last_name,u1_0.password,u1_0.role from user u1_0 where u1_0.email=?
Hibernate: select u1_0.id,u1_0.email,u1_0.first_name,u1_0.last_name,u1_0.password,u1_0.role from user u1_0 where u1_0.email=?
2026-05-15T17:22:52.539+05:30 DEBUG 16192 --- [nio-8090-exec-4] o.s.web.servlet.DispatcherServlet        : GET "/css/style.css?v=6", parameters={masked}
2026-05-15T17:22:52.541+05:30 DEBUG 16192 --- [nio-8090-exec-4] o.s.w.s.handler.SimpleUrlHandlerMapping  : Mapped to ResourceHttpRequestHandler [classpath [META-INF/resources/], classpath [resources/], classpath [static/], classpath [public/], ServletContext [/]]
2026-05-15T17:22:52.554+05:30 DEBUG 16192 --- [nio-8090-exec-4] o.s.web.servlet.DispatcherServlet        : Completed 200 OK
2026-05-15T17:22:53.223+05:30 DEBUG 16192 --- [nio-8090-exec-8] org.hibernate.SQL                        : select u1_0.id,u1_0.email,u1_0.first_name,u1_0.last_name,u1_0.password,u1_0.role from user u1_0 where u1_0.email=?
Hibernate: select u1_0.id,u1_0.email,u1_0.first_name,u1_0.last_name,u1_0.password,u1_0.role from user u1_0 where u1_0.email=?
2026-05-15T17:22:53.254+05:30 DEBUG 16192 --- [nio-8090-exec-8] o.s.web.servlet.DispatcherServlet        : GET "/images/HeroSection.png", parameters={}
2026-05-15T17:22:53.306+05:30 DEBUG 16192 --- [nio-8090-exec-8] o.s.w.s.handler.SimpleUrlHandlerMapping  : Mapped to ResourceHttpRequestHandler [classpath [META-INF/resources/], classpath [resources/], classpath [static/], classpath [public/], ServletContext [/]]
2026-05-15T17:22:53.530+05:30 DEBUG 16192 --- [nio-8090-exec-8] o.s.web.servlet.DispatcherServlet        : Completed 200 OK
2026-05-15T17:22:53.568+05:30 DEBUG 16192 --- [nio-8090-exec-1] org.hibernate.SQL                        : select u1_0.id,u1_0.email,u1_0.first_name,u1_0.last_name,u1_0.password,u1_0.role from user u1_0 where u1_0.email=?
Hibernate: select u1_0.id,u1_0.email,u1_0.first_name,u1_0.last_name,u1_0.password,u1_0.role from user u1_0 where u1_0.email=?
2026-05-15T17:22:53.584+05:30 DEBUG 16192 --- [nio-8090-exec-1] o.s.web.servlet.DispatcherServlet        : GET "/favicon.ico", parameters={}
2026-05-15T17:22:53.588+05:30 DEBUG 16192 --- [nio-8090-exec-1] o.s.w.s.handler.SimpleUrlHandlerMapping  : Mapped to ResourceHttpRequestHandler [classpath [META-INF/resources/], classpath [resources/], classpath [static/], classpath [public/], ServletContext [/]]
2026-05-15T17:22:53.601+05:30 DEBUG 16192 --- [nio-8090-exec-1] o.s.w.s.r.ResourceHttpRequestHandler     : Resource not found
2026-05-15T17:22:53.603+05:30 DEBUG 16192 --- [nio-8090-exec-1] .w.s.m.s.DefaultHandlerExceptionResolver : Resolved [org.springframework.web.servlet.resource.NoResourceFoundException: No static resource favicon.ico.]
2026-05-15T17:22:53.603+05:30 DEBUG 16192 --- [nio-8090-exec-1] o.s.web.servlet.DispatcherServlet        : Completed 404 NOT_FOUND
2026-05-15T17:22:57.448+05:30 DEBUG 16192 --- [io-8090-exec-10] org.hibernate.SQL                        : select u1_0.id,u1_0.email,u1_0.first_name,u1_0.last_name,u1_0.password,u1_0.role from user u1_0 where u1_0.email=?
Hibernate: select u1_0.id,u1_0.email,u1_0.first_name,u1_0.last_name,u1_0.password,u1_0.role from user u1_0 where u1_0.email=?
2026-05-15T17:22:57.465+05:30 DEBUG 16192 --- [io-8090-exec-10] o.s.web.servlet.DispatcherServlet        : GET "/favicon.ico", parameters={}
2026-05-15T17:22:57.467+05:30 DEBUG 16192 --- [io-8090-exec-10] o.s.w.s.handler.SimpleUrlHandlerMapping  : Mapped to ResourceHttpRequestHandler [classpath [META-INF/resources/], classpath [resources/], classpath [static/], classpath [public/], ServletContext [/]]
2026-05-15T17:22:57.474+05:30 DEBUG 16192 --- [io-8090-exec-10] o.s.w.s.r.ResourceHttpRequestHandler     : Resource not found
2026-05-15T17:22:57.474+05:30 DEBUG 16192 --- [io-8090-exec-10] .w.s.m.s.DefaultHandlerExceptionResolver : Resolved [org.springframework.web.servlet.resource.NoResourceFoundException: No static resource favicon.ico.]
2026-05-15T17:22:57.476+05:30 DEBUG 16192 --- [io-8090-exec-10] o.s.web.servlet.DispatcherServlet        : Completed 404 NOT_FOUND
2026-05-15T17:23:03.369+05:30 DEBUG 16192 --- [nio-8090-exec-3] org.hibernate.SQL                        : select u1_0.id,u1_0.email,u1_0.first_name,u1_0.last_name,u1_0.password,u1_0.role from user u1_0 where u1_0.email=?
Hibernate: select u1_0.id,u1_0.email,u1_0.first_name,u1_0.last_name,u1_0.password,u1_0.role from user u1_0 where u1_0.email=?
2026-05-15T17:23:03.379+05:30 DEBUG 16192 --- [nio-8090-exec-3] o.s.web.servlet.DispatcherServlet        : GET "/favicon.ico", parameters={}
2026-05-15T17:23:03.385+05:30 DEBUG 16192 --- [nio-8090-exec-3] o.s.w.s.handler.SimpleUrlHandlerMapping  : Mapped to ResourceHttpRequestHandler [classpath [META-INF/resources/], classpath [resources/], classpath [static/], classpath [public/], ServletContext [/]]
2026-05-15T17:23:03.391+05:30 DEBUG 16192 --- [nio-8090-exec-3] o.s.w.s.r.ResourceHttpRequestHandler     : Resource not found
2026-05-15T17:23:03.393+05:30 DEBUG 16192 --- [nio-8090-exec-3] .w.s.m.s.DefaultHandlerExceptionResolver : Resolved [org.springframework.web.servlet.resource.NoResourceFoundException: No static resource favicon.ico.]
2026-05-15T17:23:03.393+05:30 DEBUG 16192 --- [nio-8090-exec-3] o.s.web.servlet.DispatcherServlet        : Completed 404 NOT_FOUND
2026-05-15T17:24:59.839+05:30 DEBUG 16192 --- [nio-8090-exec-8] org.hibernate.SQL                        : select u1_0.id,u1_0.email,u1_0.first_name,u1_0.last_name,u1_0.password,u1_0.role from user u1_0 where u1_0.email=?
Hibernate: select u1_0.id,u1_0.email,u1_0.first_name,u1_0.last_name,u1_0.password,u1_0.role from user u1_0 where u1_0.email=?
2026-05-15T17:24:59.992+05:30 DEBUG 16192 --- [nio-8090-exec-8] o.s.web.servlet.DispatcherServlet        : GET "/api/v1/demo-controller/admin/notifications", parameters={}
2026-05-15T17:24:59.995+05:30 DEBUG 16192 --- [nio-8090-exec-8] s.w.s.m.m.a.RequestMappingHandlerMapping : Mapped to com.jkshian.arms.demo.DemoController#notificationsPage()
2026-05-15T17:25:00.056+05:30 DEBUG 16192 --- [nio-8090-exec-8] o.s.web.servlet.DispatcherServlet        : Failed to complete request: org.springframework.security.authorization.AuthorizationDeniedException: Access Denied
2026-05-15T17:25:27.659+05:30 DEBUG 16192 --- [nio-8090-exec-1] o.s.web.servlet.DispatcherServlet        : GET "/api/v1/auth/index", parameters={}
2026-05-15T17:25:27.676+05:30 DEBUG 16192 --- [nio-8090-exec-1] s.w.s.m.m.a.RequestMappingHandlerMapping : Mapped to com.jkshian.arms.controller.AuthenticationController#index(Model, Authentication, HttpServletRequest)
2026-05-15T17:25:27.726+05:30 DEBUG 16192 --- [nio-8090-exec-1] o.s.w.s.v.ContentNegotiatingViewResolver : Selected 'text/html' given [text/html, application/xhtml+xml, image/avif, image/webp, image/apng, application/xml;q=0.9, */*;q=0.8, application/signed-exchange;v=b3;q=0.7]
2026-05-15T17:25:27.787+05:30 DEBUG 16192 --- [nio-8090-exec-1] o.s.web.servlet.DispatcherServlet        : Completed 200 OK
2026-05-15T17:25:27.975+05:30 DEBUG 16192 --- [nio-8090-exec-6] o.s.web.servlet.DispatcherServlet        : GET "/images/Jaipur.png", parameters={}
2026-05-15T17:25:27.975+05:30 DEBUG 16192 --- [io-8090-exec-10] o.s.web.servlet.DispatcherServlet        : GET "/css/wingway-index.css", parameters={}
2026-05-15T17:25:27.975+05:30 DEBUG 16192 --- [nio-8090-exec-3] o.s.web.servlet.DispatcherServlet        : GET "/images/HeroSection.png", parameters={}
2026-05-15T17:25:27.977+05:30 DEBUG 16192 --- [nio-8090-exec-5] o.s.web.servlet.DispatcherServlet        : GET "/images/Singapore.png", parameters={}
2026-05-15T17:25:27.975+05:30 DEBUG 16192 --- [nio-8090-exec-7] o.s.web.servlet.DispatcherServlet        : GET "/images/Goa.png", parameters={}
2026-05-15T17:25:27.979+05:30 DEBUG 16192 --- [nio-8090-exec-2] o.s.web.servlet.DispatcherServlet        : GET "/images/Phuket.png", parameters={}
2026-05-15T17:25:27.981+05:30 DEBUG 16192 --- [nio-8090-exec-3] o.s.w.s.handler.SimpleUrlHandlerMapping  : Mapped to ResourceHttpRequestHandler [classpath [META-INF/resources/], classpath [resources/], classpath [static/], classpath [public/], ServletContext [/]]
2026-05-15T17:25:27.981+05:30 DEBUG 16192 --- [nio-8090-exec-5] o.s.w.s.handler.SimpleUrlHandlerMapping  : Mapped to ResourceHttpRequestHandler [classpath [META-INF/resources/], classpath [resources/], classpath [static/], classpath [public/], ServletContext [/]]
2026-05-15T17:25:27.981+05:30 DEBUG 16192 --- [nio-8090-exec-6] o.s.w.s.handler.SimpleUrlHandlerMapping  : Mapped to ResourceHttpRequestHandler [classpath [META-INF/resources/], classpath [resources/], classpath [static/], classpath [public/], ServletContext [/]]
2026-05-15T17:25:27.981+05:30 DEBUG 16192 --- [io-8090-exec-10] o.s.w.s.handler.SimpleUrlHandlerMapping  : Mapped to ResourceHttpRequestHandler [classpath [META-INF/resources/], classpath [resources/], classpath [static/], classpath [public/], ServletContext [/]]
2026-05-15T17:25:27.981+05:30 DEBUG 16192 --- [nio-8090-exec-2] o.s.w.s.handler.SimpleUrlHandlerMapping  : Mapped to ResourceHttpRequestHandler [classpath [META-INF/resources/], classpath [resources/], classpath [static/], classpath [public/], ServletContext [/]]
2026-05-15T17:25:27.981+05:30 DEBUG 16192 --- [nio-8090-exec-7] o.s.w.s.handler.SimpleUrlHandlerMapping  : Mapped to ResourceHttpRequestHandler [classpath [META-INF/resources/], classpath [resources/], classpath [static/], classpath [public/], ServletContext [/]]
2026-05-15T17:25:28.036+05:30 DEBUG 16192 --- [io-8090-exec-10] o.s.web.servlet.DispatcherServlet        : Completed 200 OK
2026-05-15T17:25:28.052+05:30 DEBUG 16192 --- [nio-8090-exec-2] o.s.web.servlet.DispatcherServlet        : Completed 200 OK
2026-05-15T17:25:28.063+05:30 DEBUG 16192 --- [nio-8090-exec-9] o.s.web.servlet.DispatcherServlet        : GET "/js/auth.js", parameters={}
2026-05-15T17:25:28.067+05:30 DEBUG 16192 --- [nio-8090-exec-9] o.s.w.s.handler.SimpleUrlHandlerMapping  : Mapped to ResourceHttpRequestHandler [classpath [META-INF/resources/], classpath [resources/], classpath [static/], classpath [public/], ServletContext [/]]
2026-05-15T17:25:28.073+05:30 DEBUG 16192 --- [nio-8090-exec-3] o.s.web.servlet.DispatcherServlet        : Completed 200 OK
2026-05-15T17:25:28.075+05:30 DEBUG 16192 --- [nio-8090-exec-9] o.s.web.servlet.DispatcherServlet        : Completed 200 OK
2026-05-15T17:25:28.079+05:30 DEBUG 16192 --- [nio-8090-exec-7] o.s.web.servlet.DispatcherServlet        : Completed 200 OK
2026-05-15T17:25:28.081+05:30 DEBUG 16192 --- [nio-8090-exec-8] o.s.web.servlet.DispatcherServlet        : GET "/images/Baku.png", parameters={}
2026-05-15T17:25:28.081+05:30 DEBUG 16192 --- [nio-8090-exec-4] o.s.web.servlet.DispatcherServlet        : GET "/images/Hanoi.png", parameters={}
2026-05-15T17:25:28.081+05:30 DEBUG 16192 --- [nio-8090-exec-8] o.s.w.s.handler.SimpleUrlHandlerMapping  : Mapped to ResourceHttpRequestHandler [classpath [META-INF/resources/], classpath [resources/], classpath [static/], classpath [public/], ServletContext [/]]
2026-05-15T17:25:28.083+05:30 DEBUG 16192 --- [nio-8090-exec-4] o.s.w.s.handler.SimpleUrlHandlerMapping  : Mapped to ResourceHttpRequestHandler [classpath [META-INF/resources/], classpath [resources/], classpath [static/], classpath [public/], ServletContext [/]]
2026-05-15T17:25:28.332+05:30 DEBUG 16192 --- [nio-8090-exec-1] o.s.web.servlet.DispatcherServlet        : GET "/images/Dubai.png", parameters={}
2026-05-15T17:25:28.349+05:30 DEBUG 16192 --- [nio-8090-exec-1] o.s.w.s.handler.SimpleUrlHandlerMapping  : Mapped to ResourceHttpRequestHandler [classpath [META-INF/resources/], classpath [resources/], classpath [static/], classpath [public/], ServletContext [/]]
2026-05-15T17:25:28.350+05:30 DEBUG 16192 --- [nio-8090-exec-4] o.s.web.servlet.DispatcherServlet        : Completed 200 OK
2026-05-15T17:25:28.358+05:30 DEBUG 16192 --- [nio-8090-exec-4] o.s.web.servlet.DispatcherServlet        : GET "/images/Delhi.png", parameters={}
2026-05-15T17:25:28.359+05:30 DEBUG 16192 --- [nio-8090-exec-4] o.s.w.s.handler.SimpleUrlHandlerMapping  : Mapped to ResourceHttpRequestHandler [classpath [META-INF/resources/], classpath [resources/], classpath [static/], classpath [public/], ServletContext [/]]
2026-05-15T17:25:28.382+05:30 DEBUG 16192 --- [nio-8090-exec-4] o.s.web.servlet.DispatcherServlet        : Completed 200 OK
2026-05-15T17:25:28.396+05:30 DEBUG 16192 --- [nio-8090-exec-8] o.s.web.servlet.DispatcherServlet        : Completed 200 OK
2026-05-15T17:25:28.396+05:30 DEBUG 16192 --- [io-8090-exec-10] o.s.web.servlet.DispatcherServlet        : GET "/images/Amsterdam.png", parameters={}
2026-05-15T17:25:28.393+05:30 DEBUG 16192 --- [nio-8090-exec-1] o.s.web.servlet.DispatcherServlet        : Completed 200 OK
2026-05-15T17:25:28.396+05:30 DEBUG 16192 --- [io-8090-exec-10] o.s.w.s.handler.SimpleUrlHandlerMapping  : Mapped to ResourceHttpRequestHandler [classpath [META-INF/resources/], classpath [resources/], classpath [static/], classpath [public/], ServletContext [/]]
2026-05-15T17:25:28.401+05:30 DEBUG 16192 --- [nio-8090-exec-2] o.s.web.servlet.DispatcherServlet        : GET "/images/Agra.png", parameters={}
2026-05-15T17:25:28.401+05:30 DEBUG 16192 --- [nio-8090-exec-3] o.s.web.servlet.DispatcherServlet        : GET "/images/Paris.png", parameters={}
2026-05-15T17:25:28.404+05:30 DEBUG 16192 --- [nio-8090-exec-3] o.s.w.s.handler.SimpleUrlHandlerMapping  : Mapped to ResourceHttpRequestHandler [classpath [META-INF/resources/], classpath [resources/], classpath [static/], classpath [public/], ServletContext [/]]
2026-05-15T17:25:28.404+05:30 DEBUG 16192 --- [nio-8090-exec-2] o.s.w.s.handler.SimpleUrlHandlerMapping  : Mapped to ResourceHttpRequestHandler [classpath [META-INF/resources/], classpath [resources/], classpath [static/], classpath [public/], ServletContext [/]]
2026-05-15T17:25:28.415+05:30 DEBUG 16192 --- [nio-8090-exec-2] o.s.web.servlet.DispatcherServlet        : Completed 200 OK
2026-05-15T17:25:28.423+05:30 DEBUG 16192 --- [io-8090-exec-10] o.s.web.servlet.DispatcherServlet        : Completed 200 OK
2026-05-15T17:25:28.424+05:30 DEBUG 16192 --- [nio-8090-exec-3] o.s.web.servlet.DispatcherServlet        : Completed 200 OK
2026-05-15T17:25:28.429+05:30 DEBUG 16192 --- [nio-8090-exec-9] o.s.web.servlet.DispatcherServlet        : GET "/images/Bangkok.png", parameters={}
2026-05-15T17:25:28.434+05:30 DEBUG 16192 --- [nio-8090-exec-9] o.s.w.s.handler.SimpleUrlHandlerMapping  : Mapped to ResourceHttpRequestHandler [classpath [META-INF/resources/], classpath [resources/], classpath [static/], classpath [public/], ServletContext [/]]
2026-05-15T17:25:28.495+05:30 DEBUG 16192 --- [nio-8090-exec-7] o.s.web.servlet.DispatcherServlet        : GET "/images/London.png", parameters={}
2026-05-15T17:25:28.496+05:30 DEBUG 16192 --- [nio-8090-exec-7] o.s.w.s.handler.SimpleUrlHandlerMapping  : Mapped to ResourceHttpRequestHandler [classpath [META-INF/resources/], classpath [resources/], classpath [static/], classpath [public/], ServletContext [/]]
2026-05-15T17:25:28.500+05:30 DEBUG 16192 --- [nio-8090-exec-4] o.s.web.servlet.DispatcherServlet        : GET "/images/Guangzhou.png", parameters={}
2026-05-15T17:25:28.517+05:30 DEBUG 16192 --- [nio-8090-exec-4] o.s.w.s.handler.SimpleUrlHandlerMapping  : Mapped to ResourceHttpRequestHandler [classpath [META-INF/resources/], classpath [resources/], classpath [static/], classpath [public/], ServletContext [/]]
2026-05-15T17:25:28.519+05:30 DEBUG 16192 --- [nio-8090-exec-8] o.s.web.servlet.DispatcherServlet        : GET "/images/Plane.png", parameters={}
2026-05-15T17:25:28.521+05:30 DEBUG 16192 --- [nio-8090-exec-8] o.s.w.s.handler.SimpleUrlHandlerMapping  : Mapped to ResourceHttpRequestHandler [classpath [META-INF/resources/], classpath [resources/], classpath [static/], classpath [public/], ServletContext [/]]
2026-05-15T17:25:28.562+05:30 DEBUG 16192 --- [nio-8090-exec-8] o.s.web.servlet.DispatcherServlet        : Completed 200 OK
2026-05-15T17:25:28.585+05:30 DEBUG 16192 --- [nio-8090-exec-7] o.s.web.servlet.DispatcherServlet        : Completed 200 OK
2026-05-15T17:25:28.595+05:30 DEBUG 16192 --- [nio-8090-exec-1] o.s.web.servlet.DispatcherServlet        : GET "/images/Baggage.png", parameters={}
2026-05-15T17:25:28.600+05:30 DEBUG 16192 --- [nio-8090-exec-1] o.s.w.s.handler.SimpleUrlHandlerMapping  : Mapped to ResourceHttpRequestHandler [classpath [META-INF/resources/], classpath [resources/], classpath [static/], classpath [public/], ServletContext [/]]
2026-05-15T17:25:28.643+05:30 DEBUG 16192 --- [nio-8090-exec-5] o.s.web.servlet.DispatcherServlet        : Completed 200 OK
2026-05-15T17:25:28.651+05:30 DEBUG 16192 --- [nio-8090-exec-1] o.s.web.servlet.DispatcherServlet        : Completed 200 OK
2026-05-15T17:25:28.653+05:30 DEBUG 16192 --- [nio-8090-exec-1] o.s.web.servlet.DispatcherServlet        : GET "/images/ContactUs.png", parameters={}
2026-05-15T17:25:28.654+05:30 DEBUG 16192 --- [nio-8090-exec-1] o.s.w.s.handler.SimpleUrlHandlerMapping  : Mapped to ResourceHttpRequestHandler [classpath [META-INF/resources/], classpath [resources/], classpath [static/], classpath [public/], ServletContext [/]]
2026-05-15T17:25:28.658+05:30 DEBUG 16192 --- [nio-8090-exec-2] o.s.web.servlet.DispatcherServlet        : GET "/images/Ticket.png", parameters={}
2026-05-15T17:25:28.660+05:30 DEBUG 16192 --- [nio-8090-exec-2] o.s.w.s.handler.SimpleUrlHandlerMapping  : Mapped to ResourceHttpRequestHandler [classpath [META-INF/resources/], classpath [resources/], classpath [static/], classpath [public/], ServletContext [/]]
2026-05-15T17:25:28.679+05:30 DEBUG 16192 --- [nio-8090-exec-1] o.s.web.servlet.DispatcherServlet        : Completed 200 OK
2026-05-15T17:25:28.714+05:30 DEBUG 16192 --- [nio-8090-exec-6] o.s.web.servlet.DispatcherServlet        : Completed 200 OK
2026-05-15T17:25:28.777+05:30 DEBUG 16192 --- [nio-8090-exec-9] o.s.web.servlet.DispatcherServlet        : Completed 200 OK
2026-05-15T17:25:28.857+05:30 DEBUG 16192 --- [nio-8090-exec-2] o.s.web.servlet.DispatcherServlet        : Completed 200 OK
2026-05-15T17:25:28.879+05:30 DEBUG 16192 --- [nio-8090-exec-4] o.s.web.servlet.DispatcherServlet        : Completed 200 OK
2026-05-15T17:25:31.543+05:30 DEBUG 16192 --- [nio-8090-exec-3] o.s.web.servlet.DispatcherServlet        : GET "/api/v1/auth/login", parameters={}
2026-05-15T17:25:31.712+05:30 DEBUG 16192 --- [nio-8090-exec-3] s.w.s.m.m.a.RequestMappingHandlerMapping : Mapped to com.jkshian.arms.controller.AuthenticationController#login()
2026-05-15T17:25:32.234+05:30 DEBUG 16192 --- [nio-8090-exec-3] o.s.w.s.v.ContentNegotiatingViewResolver : Selected 'text/html' given [text/html, application/xhtml+xml, image/avif, image/webp, image/apng, application/xml;q=0.9, */*;q=0.8, application/signed-exchange;v=b3;q=0.7]
2026-05-15T17:25:32.657+05:30 DEBUG 16192 --- [nio-8090-exec-3] o.s.web.servlet.DispatcherServlet        : Completed 200 OK
2026-05-15T17:25:32.950+05:30 DEBUG 16192 --- [nio-8090-exec-7] o.s.web.servlet.DispatcherServlet        : GET "/js/auth.js", parameters={}
2026-05-15T17:25:32.953+05:30 DEBUG 16192 --- [nio-8090-exec-8] o.s.web.servlet.DispatcherServlet        : GET "/css/style.css", parameters={}
2026-05-15T17:25:33.010+05:30 DEBUG 16192 --- [nio-8090-exec-7] o.s.w.s.handler.SimpleUrlHandlerMapping  : Mapped to ResourceHttpRequestHandler [classpath [META-INF/resources/], classpath [resources/], classpath [static/], classpath [public/], ServletContext [/]]
2026-05-15T17:25:33.047+05:30 DEBUG 16192 --- [nio-8090-exec-8] o.s.w.s.handler.SimpleUrlHandlerMapping  : Mapped to ResourceHttpRequestHandler [classpath [META-INF/resources/], classpath [resources/], classpath [static/], classpath [public/], ServletContext [/]]
2026-05-15T17:25:33.108+05:30 DEBUG 16192 --- [nio-8090-exec-7] o.s.web.servlet.DispatcherServlet        : Completed 200 OK
2026-05-15T17:25:33.203+05:30 DEBUG 16192 --- [nio-8090-exec-8] o.s.web.servlet.DispatcherServlet        : Completed 200 OK
2026-05-15T17:25:43.517+05:30 DEBUG 16192 --- [nio-8090-exec-1] o.s.web.servlet.DispatcherServlet        : GET "/api/v1/auth/index", parameters={}
2026-05-15T17:25:43.517+05:30 DEBUG 16192 --- [nio-8090-exec-1] s.w.s.m.m.a.RequestMappingHandlerMapping : Mapped to com.jkshian.arms.controller.AuthenticationController#index(Model, Authentication, HttpServletRequest)
2026-05-15T17:25:43.520+05:30 DEBUG 16192 --- [nio-8090-exec-1] o.s.w.s.v.ContentNegotiatingViewResolver : Selected 'text/html' given [text/html, application/xhtml+xml, image/avif, image/webp, image/apng, application/xml;q=0.9, */*;q=0.8, application/signed-exchange;v=b3;q=0.7]
2026-05-15T17:25:43.540+05:30 DEBUG 16192 --- [nio-8090-exec-1] o.s.web.servlet.DispatcherServlet        : Completed 200 OK
2026-05-15T17:25:43.591+05:30 DEBUG 16192 --- [nio-8090-exec-9] o.s.web.servlet.DispatcherServlet        : GET "/images/HeroSection.png", parameters={}
2026-05-15T17:25:43.593+05:30 DEBUG 16192 --- [nio-8090-exec-6] o.s.web.servlet.DispatcherServlet        : GET "/css/wingway-index.css", parameters={}
2026-05-15T17:25:43.593+05:30 DEBUG 16192 --- [nio-8090-exec-6] o.s.w.s.handler.SimpleUrlHandlerMapping  : Mapped to ResourceHttpRequestHandler [classpath [META-INF/resources/], classpath [resources/], classpath [static/], classpath [public/], ServletContext [/]]
2026-05-15T17:25:43.592+05:30 DEBUG 16192 --- [nio-8090-exec-2] o.s.web.servlet.DispatcherServlet        : GET "/images/Jaipur.png", parameters={}
2026-05-15T17:25:43.597+05:30 DEBUG 16192 --- [nio-8090-exec-9] o.s.w.s.handler.SimpleUrlHandlerMapping  : Mapped to ResourceHttpRequestHandler [classpath [META-INF/resources/], classpath [resources/], classpath [static/], classpath [public/], ServletContext [/]]
2026-05-15T17:25:43.597+05:30 DEBUG 16192 --- [nio-8090-exec-2] o.s.w.s.handler.SimpleUrlHandlerMapping  : Mapped to ResourceHttpRequestHandler [classpath [META-INF/resources/], classpath [resources/], classpath [static/], classpath [public/], ServletContext [/]]
2026-05-15T17:25:43.599+05:30 DEBUG 16192 --- [io-8090-exec-10] o.s.web.servlet.DispatcherServlet        : GET "/images/Phuket.png", parameters={}
2026-05-15T17:25:43.599+05:30 DEBUG 16192 --- [nio-8090-exec-4] o.s.web.servlet.DispatcherServlet        : GET "/images/Singapore.png", parameters={}
2026-05-15T17:25:43.599+05:30 DEBUG 16192 --- [nio-8090-exec-3] o.s.web.servlet.DispatcherServlet        : GET "/images/Goa.png", parameters={}
2026-05-15T17:25:43.602+05:30 DEBUG 16192 --- [nio-8090-exec-4] o.s.w.s.handler.SimpleUrlHandlerMapping  : Mapped to ResourceHttpRequestHandler [classpath [META-INF/resources/], classpath [resources/], classpath [static/], classpath [public/], ServletContext [/]]
2026-05-15T17:25:43.603+05:30 DEBUG 16192 --- [io-8090-exec-10] o.s.w.s.handler.SimpleUrlHandlerMapping  : Mapped to ResourceHttpRequestHandler [classpath [META-INF/resources/], classpath [resources/], classpath [static/], classpath [public/], ServletContext [/]]
2026-05-15T17:25:43.605+05:30 DEBUG 16192 --- [nio-8090-exec-3] o.s.w.s.handler.SimpleUrlHandlerMapping  : Mapped to ResourceHttpRequestHandler [classpath [META-INF/resources/], classpath [resources/], classpath [static/], classpath [public/], ServletContext [/]]
2026-05-15T17:25:43.624+05:30 DEBUG 16192 --- [io-8090-exec-10] o.s.web.servlet.DispatcherServlet        : Completed 200 OK
2026-05-15T17:25:43.637+05:30 DEBUG 16192 --- [nio-8090-exec-6] o.s.web.servlet.DispatcherServlet        : Completed 200 OK
2026-05-15T17:25:43.643+05:30 DEBUG 16192 --- [io-8090-exec-10] o.s.web.servlet.DispatcherServlet        : GET "/js/auth.js", parameters={}
2026-05-15T17:25:43.641+05:30 DEBUG 16192 --- [nio-8090-exec-7] o.s.web.servlet.DispatcherServlet        : GET "/images/Hanoi.png", parameters={}
2026-05-15T17:25:43.645+05:30 DEBUG 16192 --- [io-8090-exec-10] o.s.w.s.handler.SimpleUrlHandlerMapping  : Mapped to ResourceHttpRequestHandler [classpath [META-INF/resources/], classpath [resources/], classpath [static/], classpath [public/], ServletContext [/]]
2026-05-15T17:25:43.650+05:30 DEBUG 16192 --- [nio-8090-exec-7] o.s.w.s.handler.SimpleUrlHandlerMapping  : Mapped to ResourceHttpRequestHandler [classpath [META-INF/resources/], classpath [resources/], classpath [static/], classpath [public/], ServletContext [/]]
2026-05-15T17:25:43.685+05:30 DEBUG 16192 --- [io-8090-exec-10] o.s.web.servlet.DispatcherServlet        : Completed 200 OK
2026-05-15T17:25:43.692+05:30 DEBUG 16192 --- [nio-8090-exec-9] o.s.web.servlet.DispatcherServlet        : Completed 200 OK
2026-05-15T17:25:43.714+05:30 DEBUG 16192 --- [io-8090-exec-10] o.s.web.servlet.DispatcherServlet        : GET "/images/Baku.png", parameters={}
2026-05-15T17:25:43.715+05:30 DEBUG 16192 --- [io-8090-exec-10] o.s.w.s.handler.SimpleUrlHandlerMapping  : Mapped to ResourceHttpRequestHandler [classpath [META-INF/resources/], classpath [resources/], classpath [static/], classpath [public/], ServletContext [/]]
2026-05-15T17:25:43.747+05:30 DEBUG 16192 --- [nio-8090-exec-3] o.s.web.servlet.DispatcherServlet        : Completed 200 OK
2026-05-15T17:25:43.752+05:30 DEBUG 16192 --- [nio-8090-exec-9] o.s.web.servlet.DispatcherServlet        : GET "/images/Dubai.png", parameters={}
2026-05-15T17:25:43.761+05:30 DEBUG 16192 --- [nio-8090-exec-9] o.s.w.s.handler.SimpleUrlHandlerMapping  : Mapped to ResourceHttpRequestHandler [classpath [META-INF/resources/], classpath [resources/], classpath [static/], classpath [public/], ServletContext [/]]
2026-05-15T17:25:43.762+05:30 DEBUG 16192 --- [nio-8090-exec-8] o.s.web.servlet.DispatcherServlet        : GET "/images/Delhi.png", parameters={}
2026-05-15T17:25:43.777+05:30 DEBUG 16192 --- [nio-8090-exec-8] o.s.w.s.handler.SimpleUrlHandlerMapping  : Mapped to ResourceHttpRequestHandler [classpath [META-INF/resources/], classpath [resources/], classpath [static/], classpath [public/], ServletContext [/]]
2026-05-15T17:25:43.853+05:30 DEBUG 16192 --- [nio-8090-exec-8] o.s.web.servlet.DispatcherServlet        : Completed 200 OK
2026-05-15T17:25:43.862+05:30 DEBUG 16192 --- [nio-8090-exec-5] o.s.web.servlet.DispatcherServlet        : GET "/images/Amsterdam.png", parameters={}
2026-05-15T17:25:43.866+05:30 DEBUG 16192 --- [nio-8090-exec-7] o.s.web.servlet.DispatcherServlet        : Completed 200 OK
2026-05-15T17:25:43.868+05:30 DEBUG 16192 --- [nio-8090-exec-9] o.s.web.servlet.DispatcherServlet        : Completed 200 OK
2026-05-15T17:25:43.868+05:30 DEBUG 16192 --- [nio-8090-exec-5] o.s.w.s.handler.SimpleUrlHandlerMapping  : Mapped to ResourceHttpRequestHandler [classpath [META-INF/resources/], classpath [resources/], classpath [static/], classpath [public/], ServletContext [/]]
2026-05-15T17:25:43.876+05:30 DEBUG 16192 --- [nio-8090-exec-6] o.s.web.servlet.DispatcherServlet        : GET "/images/Paris.png", parameters={}
2026-05-15T17:25:43.876+05:30 DEBUG 16192 --- [nio-8090-exec-1] o.s.web.servlet.DispatcherServlet        : GET "/images/Agra.png", parameters={}
2026-05-15T17:25:43.884+05:30 DEBUG 16192 --- [nio-8090-exec-1] o.s.w.s.handler.SimpleUrlHandlerMapping  : Mapped to ResourceHttpRequestHandler [classpath [META-INF/resources/], classpath [resources/], classpath [static/], classpath [public/], ServletContext [/]]
2026-05-15T17:25:43.884+05:30 DEBUG 16192 --- [nio-8090-exec-6] o.s.w.s.handler.SimpleUrlHandlerMapping  : Mapped to ResourceHttpRequestHandler [classpath [META-INF/resources/], classpath [resources/], classpath [static/], classpath [public/], ServletContext [/]]
2026-05-15T17:25:43.906+05:30 DEBUG 16192 --- [nio-8090-exec-1] o.s.web.servlet.DispatcherServlet        : Completed 200 OK
2026-05-15T17:25:43.923+05:30 DEBUG 16192 --- [nio-8090-exec-3] o.s.web.servlet.DispatcherServlet        : GET "/images/Bangkok.png", parameters={}
2026-05-15T17:25:43.924+05:30 DEBUG 16192 --- [nio-8090-exec-3] o.s.w.s.handler.SimpleUrlHandlerMapping  : Mapped to ResourceHttpRequestHandler [classpath [META-INF/resources/], classpath [resources/], classpath [static/], classpath [public/], ServletContext [/]]
2026-05-15T17:25:43.927+05:30 DEBUG 16192 --- [nio-8090-exec-6] o.s.web.servlet.DispatcherServlet        : Completed 200 OK
2026-05-15T17:25:43.934+05:30 DEBUG 16192 --- [nio-8090-exec-5] o.s.web.servlet.DispatcherServlet        : Completed 200 OK
2026-05-15T17:25:43.942+05:30 DEBUG 16192 --- [nio-8090-exec-8] o.s.web.servlet.DispatcherServlet        : GET "/images/London.png", parameters={}
2026-05-15T17:25:43.942+05:30 DEBUG 16192 --- [nio-8090-exec-9] o.s.web.servlet.DispatcherServlet        : GET "/images/Guangzhou.png", parameters={}
2026-05-15T17:25:43.942+05:30 DEBUG 16192 --- [nio-8090-exec-8] o.s.w.s.handler.SimpleUrlHandlerMapping  : Mapped to ResourceHttpRequestHandler [classpath [META-INF/resources/], classpath [resources/], classpath [static/], classpath [public/], ServletContext [/]]
2026-05-15T17:25:43.942+05:30 DEBUG 16192 --- [nio-8090-exec-9] o.s.w.s.handler.SimpleUrlHandlerMapping  : Mapped to ResourceHttpRequestHandler [classpath [META-INF/resources/], classpath [resources/], classpath [static/], classpath [public/], ServletContext [/]]
2026-05-15T17:25:44.049+05:30 DEBUG 16192 --- [nio-8090-exec-8] o.s.web.servlet.DispatcherServlet        : Completed 200 OK
2026-05-15T17:25:44.080+05:30 DEBUG 16192 --- [io-8090-exec-10] o.s.web.servlet.DispatcherServlet        : Completed 200 OK
2026-05-15T17:25:44.091+05:30 DEBUG 16192 --- [io-8090-exec-10] o.s.web.servlet.DispatcherServlet        : GET "/images/Plane.png", parameters={}
2026-05-15T17:25:44.098+05:30 DEBUG 16192 --- [nio-8090-exec-7] o.s.web.servlet.DispatcherServlet        : GET "/images/Baggage.png", parameters={}
2026-05-15T17:25:44.098+05:30 DEBUG 16192 --- [io-8090-exec-10] o.s.w.s.handler.SimpleUrlHandlerMapping  : Mapped to ResourceHttpRequestHandler [classpath [META-INF/resources/], classpath [resources/], classpath [static/], classpath [public/], ServletContext [/]]
2026-05-15T17:25:44.099+05:30 DEBUG 16192 --- [nio-8090-exec-7] o.s.w.s.handler.SimpleUrlHandlerMapping  : Mapped to ResourceHttpRequestHandler [classpath [META-INF/resources/], classpath [resources/], classpath [static/], classpath [public/], ServletContext [/]]
2026-05-15T17:25:44.119+05:30 DEBUG 16192 --- [io-8090-exec-10] o.s.web.servlet.DispatcherServlet        : Completed 200 OK
2026-05-15T17:25:44.121+05:30 DEBUG 16192 --- [nio-8090-exec-7] o.s.web.servlet.DispatcherServlet        : Completed 200 OK
2026-05-15T17:25:44.127+05:30 DEBUG 16192 --- [nio-8090-exec-6] o.s.web.servlet.DispatcherServlet        : GET "/images/ContactUs.png", parameters={}
2026-05-15T17:25:44.127+05:30 DEBUG 16192 --- [nio-8090-exec-1] o.s.web.servlet.DispatcherServlet        : GET "/images/Ticket.png", parameters={}
2026-05-15T17:25:44.128+05:30 DEBUG 16192 --- [nio-8090-exec-1] o.s.w.s.handler.SimpleUrlHandlerMapping  : Mapped to ResourceHttpRequestHandler [classpath [META-INF/resources/], classpath [resources/], classpath [static/], classpath [public/], ServletContext [/]]
2026-05-15T17:25:44.128+05:30 DEBUG 16192 --- [nio-8090-exec-6] o.s.w.s.handler.SimpleUrlHandlerMapping  : Mapped to ResourceHttpRequestHandler [classpath [META-INF/resources/], classpath [resources/], classpath [static/], classpath [public/], ServletContext [/]]
2026-05-15T17:25:44.165+05:30 DEBUG 16192 --- [nio-8090-exec-6] o.s.web.servlet.DispatcherServlet        : Completed 200 OK
2026-05-15T17:25:44.239+05:30 DEBUG 16192 --- [nio-8090-exec-1] o.s.web.servlet.DispatcherServlet        : Completed 200 OK
2026-05-15T17:25:44.257+05:30 DEBUG 16192 --- [nio-8090-exec-4] o.s.web.servlet.DispatcherServlet        : Completed 200 OK
2026-05-15T17:25:44.339+05:30 DEBUG 16192 --- [nio-8090-exec-9] o.s.web.servlet.DispatcherServlet        : Completed 200 OK
2026-05-15T17:25:44.357+05:30 DEBUG 16192 --- [nio-8090-exec-3] o.s.web.servlet.DispatcherServlet        : Completed 200 OK
2026-05-15T17:25:44.371+05:30 DEBUG 16192 --- [nio-8090-exec-2] o.s.web.servlet.DispatcherServlet        : Completed 200 OK
2026-05-15T17:25:45.816+05:30 DEBUG 16192 --- [nio-8090-exec-8] o.s.web.servlet.DispatcherServlet        : GET "/api/v1/auth/login", parameters={}
2026-05-15T17:25:45.825+05:30 DEBUG 16192 --- [nio-8090-exec-8] s.w.s.m.m.a.RequestMappingHandlerMapping : Mapped to com.jkshian.arms.controller.AuthenticationController#login()
2026-05-15T17:25:45.843+05:30 DEBUG 16192 --- [nio-8090-exec-8] o.s.w.s.v.ContentNegotiatingViewResolver : Selected 'text/html' given [text/html, application/xhtml+xml, image/avif, image/webp, image/apng, application/xml;q=0.9, */*;q=0.8, application/signed-exchange;v=b3;q=0.7]
2026-05-15T17:25:45.867+05:30 DEBUG 16192 --- [nio-8090-exec-8] o.s.web.servlet.DispatcherServlet        : Completed 200 OK
2026-05-15T17:25:45.921+05:30 DEBUG 16192 --- [nio-8090-exec-7] o.s.web.servlet.DispatcherServlet        : GET "/js/auth.js", parameters={}
2026-05-15T17:25:45.921+05:30 DEBUG 16192 --- [io-8090-exec-10] o.s.web.servlet.DispatcherServlet        : GET "/css/style.css", parameters={}
2026-05-15T17:25:45.932+05:30 DEBUG 16192 --- [nio-8090-exec-7] o.s.w.s.handler.SimpleUrlHandlerMapping  : Mapped to ResourceHttpRequestHandler [classpath [META-INF/resources/], classpath [resources/], classpath [static/], classpath [public/], ServletContext [/]]
2026-05-15T17:25:45.942+05:30 DEBUG 16192 --- [io-8090-exec-10] o.s.w.s.handler.SimpleUrlHandlerMapping  : Mapped to ResourceHttpRequestHandler [classpath [META-INF/resources/], classpath [resources/], classpath [static/], classpath [public/], ServletContext [/]]
2026-05-15T17:25:45.958+05:30 DEBUG 16192 --- [nio-8090-exec-7] o.s.web.servlet.DispatcherServlet        : Completed 200 OK
2026-05-15T17:25:45.978+05:30 DEBUG 16192 --- [io-8090-exec-10] o.s.web.servlet.DispatcherServlet        : Completed 200 OK
2026-05-15T17:25:47.767+05:30 DEBUG 16192 --- [nio-8090-exec-1] o.s.web.servlet.DispatcherServlet        : GET "/api/v1/auth/index", parameters={}
2026-05-15T17:25:47.777+05:30 DEBUG 16192 --- [nio-8090-exec-1] s.w.s.m.m.a.RequestMappingHandlerMapping : Mapped to com.jkshian.arms.controller.AuthenticationController#index(Model, Authentication, HttpServletRequest)
2026-05-15T17:25:47.779+05:30 DEBUG 16192 --- [nio-8090-exec-1] o.s.w.s.v.ContentNegotiatingViewResolver : Selected 'text/html' given [text/html, application/xhtml+xml, image/avif, image/webp, image/apng, application/xml;q=0.9, */*;q=0.8, application/signed-exchange;v=b3;q=0.7]
2026-05-15T17:25:47.812+05:30 DEBUG 16192 --- [nio-8090-exec-1] o.s.web.servlet.DispatcherServlet        : Completed 200 OK
2026-05-15T17:25:47.827+05:30 DEBUG 16192 --- [nio-8090-exec-4] o.s.web.servlet.DispatcherServlet        : GET "/css/wingway-index.css", parameters={}
2026-05-15T17:25:47.827+05:30 DEBUG 16192 --- [nio-8090-exec-4] o.s.w.s.handler.SimpleUrlHandlerMapping  : Mapped to ResourceHttpRequestHandler [classpath [META-INF/resources/], classpath [resources/], classpath [static/], classpath [public/], ServletContext [/]]
2026-05-15T17:25:47.831+05:30 DEBUG 16192 --- [nio-8090-exec-9] o.s.web.servlet.DispatcherServlet        : GET "/js/auth.js", parameters={}
2026-05-15T17:25:47.832+05:30 DEBUG 16192 --- [nio-8090-exec-4] o.s.web.servlet.DispatcherServlet        : Completed 200 OK
2026-05-15T17:25:47.834+05:30 DEBUG 16192 --- [nio-8090-exec-9] o.s.w.s.handler.SimpleUrlHandlerMapping  : Mapped to ResourceHttpRequestHandler [classpath [META-INF/resources/], classpath [resources/], classpath [static/], classpath [public/], ServletContext [/]]
2026-05-15T17:25:47.838+05:30 DEBUG 16192 --- [nio-8090-exec-9] o.s.web.servlet.DispatcherServlet        : Completed 200 OK
2026-05-15T17:25:54.477+05:30 DEBUG 16192 --- [nio-8090-exec-5] o.s.web.servlet.DispatcherServlet        : GET "/api/v1/auth/index", parameters={}
2026-05-15T17:25:54.483+05:30 DEBUG 16192 --- [nio-8090-exec-5] s.w.s.m.m.a.RequestMappingHandlerMapping : Mapped to com.jkshian.arms.controller.AuthenticationController#index(Model, Authentication, HttpServletRequest)
2026-05-15T17:25:54.485+05:30 DEBUG 16192 --- [nio-8090-exec-5] o.s.w.s.v.ContentNegotiatingViewResolver : Selected 'text/html' given [text/html, application/xhtml+xml, image/avif, image/webp, image/apng, application/xml;q=0.9, */*;q=0.8, application/signed-exchange;v=b3;q=0.7]
2026-05-15T17:25:54.506+05:30 DEBUG 16192 --- [nio-8090-exec-5] o.s.web.servlet.DispatcherServlet        : Completed 200 OK
2026-05-15T17:25:54.600+05:30 DEBUG 16192 --- [nio-8090-exec-8] o.s.web.servlet.DispatcherServlet        : GET "/css/wingway-index.css", parameters={}
2026-05-15T17:25:54.611+05:30 DEBUG 16192 --- [nio-8090-exec-6] o.s.web.servlet.DispatcherServlet        : GET "/images/Singapore.png", parameters={}
2026-05-15T17:25:54.614+05:30 DEBUG 16192 --- [nio-8090-exec-4] o.s.web.servlet.DispatcherServlet        : GET "/images/Goa.png", parameters={}
2026-05-15T17:25:54.615+05:30 DEBUG 16192 --- [nio-8090-exec-1] o.s.web.servlet.DispatcherServlet        : GET "/images/Phuket.png", parameters={}
2026-05-15T17:25:54.615+05:30 DEBUG 16192 --- [nio-8090-exec-7] o.s.web.servlet.DispatcherServlet        : GET "/images/HeroSection.png", parameters={}
2026-05-15T17:25:54.620+05:30 DEBUG 16192 --- [nio-8090-exec-1] o.s.w.s.handler.SimpleUrlHandlerMapping  : Mapped to ResourceHttpRequestHandler [classpath [META-INF/resources/], classpath [resources/], classpath [static/], classpath [public/], ServletContext [/]]
2026-05-15T17:25:54.621+05:30 DEBUG 16192 --- [nio-8090-exec-7] o.s.w.s.handler.SimpleUrlHandlerMapping  : Mapped to ResourceHttpRequestHandler [classpath [META-INF/resources/], classpath [resources/], classpath [static/], classpath [public/], ServletContext [/]]
2026-05-15T17:25:54.615+05:30 DEBUG 16192 --- [io-8090-exec-10] o.s.web.servlet.DispatcherServlet        : GET "/images/Jaipur.png", parameters={}
2026-05-15T17:25:54.622+05:30 DEBUG 16192 --- [io-8090-exec-10] o.s.w.s.handler.SimpleUrlHandlerMapping  : Mapped to ResourceHttpRequestHandler [classpath [META-INF/resources/], classpath [resources/], classpath [static/], classpath [public/], ServletContext [/]]
2026-05-15T17:25:54.616+05:30 DEBUG 16192 --- [nio-8090-exec-8] o.s.w.s.handler.SimpleUrlHandlerMapping  : Mapped to ResourceHttpRequestHandler [classpath [META-INF/resources/], classpath [resources/], classpath [static/], classpath [public/], ServletContext [/]]
2026-05-15T17:25:54.622+05:30 DEBUG 16192 --- [nio-8090-exec-4] o.s.w.s.handler.SimpleUrlHandlerMapping  : Mapped to ResourceHttpRequestHandler [classpath [META-INF/resources/], classpath [resources/], classpath [static/], classpath [public/], ServletContext [/]]
2026-05-15T17:25:54.644+05:30 DEBUG 16192 --- [nio-8090-exec-8] o.s.web.servlet.DispatcherServlet        : Completed 200 OK
2026-05-15T17:25:54.649+05:30 DEBUG 16192 --- [nio-8090-exec-6] o.s.w.s.handler.SimpleUrlHandlerMapping  : Mapped to ResourceHttpRequestHandler [classpath [META-INF/resources/], classpath [resources/], classpath [static/], classpath [public/], ServletContext [/]]
2026-05-15T17:25:54.665+05:30 DEBUG 16192 --- [nio-8090-exec-8] o.s.web.servlet.DispatcherServlet        : GET "/js/auth.js", parameters={}
2026-05-15T17:25:54.668+05:30 DEBUG 16192 --- [nio-8090-exec-8] o.s.w.s.handler.SimpleUrlHandlerMapping  : Mapped to ResourceHttpRequestHandler [classpath [META-INF/resources/], classpath [resources/], classpath [static/], classpath [public/], ServletContext [/]]
2026-05-15T17:25:54.685+05:30 DEBUG 16192 --- [nio-8090-exec-8] o.s.web.servlet.DispatcherServlet        : Completed 200 OK
2026-05-15T17:25:54.689+05:30 DEBUG 16192 --- [nio-8090-exec-1] o.s.web.servlet.DispatcherServlet        : Completed 200 OK
2026-05-15T17:25:54.698+05:30 DEBUG 16192 --- [nio-8090-exec-3] o.s.web.servlet.DispatcherServlet        : GET "/images/Hanoi.png", parameters={}
2026-05-15T17:25:54.698+05:30 DEBUG 16192 --- [nio-8090-exec-2] o.s.web.servlet.DispatcherServlet        : GET "/images/Baku.png", parameters={}
2026-05-15T17:25:54.698+05:30 DEBUG 16192 --- [nio-8090-exec-3] o.s.w.s.handler.SimpleUrlHandlerMapping  : Mapped to ResourceHttpRequestHandler [classpath [META-INF/resources/], classpath [resources/], classpath [static/], classpath [public/], ServletContext [/]]
2026-05-15T17:25:54.699+05:30 DEBUG 16192 --- [nio-8090-exec-2] o.s.w.s.handler.SimpleUrlHandlerMapping  : Mapped to ResourceHttpRequestHandler [classpath [META-INF/resources/], classpath [resources/], classpath [static/], classpath [public/], ServletContext [/]]
2026-05-15T17:25:54.794+05:30 DEBUG 16192 --- [nio-8090-exec-7] o.s.web.servlet.DispatcherServlet        : Completed 200 OK
2026-05-15T17:25:54.817+05:30 DEBUG 16192 --- [nio-8090-exec-4] o.s.web.servlet.DispatcherServlet        : Completed 200 OK
2026-05-15T17:25:54.833+05:30 DEBUG 16192 --- [nio-8090-exec-7] o.s.web.servlet.DispatcherServlet        : GET "/images/Dubai.png", parameters={}
2026-05-15T17:25:54.834+05:30 DEBUG 16192 --- [nio-8090-exec-7] o.s.w.s.handler.SimpleUrlHandlerMapping  : Mapped to ResourceHttpRequestHandler [classpath [META-INF/resources/], classpath [resources/], classpath [static/], classpath [public/], ServletContext [/]]
2026-05-15T17:25:54.861+05:30 DEBUG 16192 --- [nio-8090-exec-4] o.s.web.servlet.DispatcherServlet        : GET "/images/Delhi.png", parameters={}
2026-05-15T17:25:54.862+05:30 DEBUG 16192 --- [nio-8090-exec-4] o.s.w.s.handler.SimpleUrlHandlerMapping  : Mapped to ResourceHttpRequestHandler [classpath [META-INF/resources/], classpath [resources/], classpath [static/], classpath [public/], ServletContext [/]]
2026-05-15T17:25:54.868+05:30 DEBUG 16192 --- [nio-8090-exec-3] o.s.web.servlet.DispatcherServlet        : Completed 200 OK
2026-05-15T17:25:54.884+05:30 DEBUG 16192 --- [nio-8090-exec-4] o.s.web.servlet.DispatcherServlet        : Completed 200 OK
2026-05-15T17:25:54.885+05:30 DEBUG 16192 --- [nio-8090-exec-4] o.s.web.servlet.DispatcherServlet        : GET "/images/Amsterdam.png", parameters={}
2026-05-15T17:25:54.886+05:30 DEBUG 16192 --- [nio-8090-exec-4] o.s.w.s.handler.SimpleUrlHandlerMapping  : Mapped to ResourceHttpRequestHandler [classpath [META-INF/resources/], classpath [resources/], classpath [static/], classpath [public/], ServletContext [/]]
2026-05-15T17:25:54.897+05:30 DEBUG 16192 --- [nio-8090-exec-7] o.s.web.servlet.DispatcherServlet        : Completed 200 OK
2026-05-15T17:25:54.900+05:30 DEBUG 16192 --- [nio-8090-exec-9] o.s.web.servlet.DispatcherServlet        : GET "/images/Agra.png", parameters={}
2026-05-15T17:25:54.906+05:30 DEBUG 16192 --- [nio-8090-exec-9] o.s.w.s.handler.SimpleUrlHandlerMapping  : Mapped to ResourceHttpRequestHandler [classpath [META-INF/resources/], classpath [resources/], classpath [static/], classpath [public/], ServletContext [/]]
2026-05-15T17:25:54.921+05:30 DEBUG 16192 --- [nio-8090-exec-9] o.s.web.servlet.DispatcherServlet        : Completed 200 OK
2026-05-15T17:25:54.921+05:30 DEBUG 16192 --- [nio-8090-exec-4] o.s.web.servlet.DispatcherServlet        : Completed 200 OK
2026-05-15T17:25:54.925+05:30 DEBUG 16192 --- [nio-8090-exec-9] o.s.web.servlet.DispatcherServlet        : GET "/images/Bangkok.png", parameters={}
2026-05-15T17:25:54.928+05:30 DEBUG 16192 --- [nio-8090-exec-4] o.s.web.servlet.DispatcherServlet        : GET "/images/Paris.png", parameters={}
2026-05-15T17:25:54.929+05:30 DEBUG 16192 --- [nio-8090-exec-4] o.s.w.s.handler.SimpleUrlHandlerMapping  : Mapped to ResourceHttpRequestHandler [classpath [META-INF/resources/], classpath [resources/], classpath [static/], classpath [public/], ServletContext [/]]
2026-05-15T17:25:54.930+05:30 DEBUG 16192 --- [nio-8090-exec-9] o.s.w.s.handler.SimpleUrlHandlerMapping  : Mapped to ResourceHttpRequestHandler [classpath [META-INF/resources/], classpath [resources/], classpath [static/], classpath [public/], ServletContext [/]]
2026-05-15T17:25:54.949+05:30 DEBUG 16192 --- [nio-8090-exec-4] o.s.web.servlet.DispatcherServlet        : Completed 200 OK
2026-05-15T17:25:54.955+05:30 DEBUG 16192 --- [nio-8090-exec-8] o.s.web.servlet.DispatcherServlet        : GET "/images/London.png", parameters={}
2026-05-15T17:25:54.957+05:30 DEBUG 16192 --- [nio-8090-exec-8] o.s.w.s.handler.SimpleUrlHandlerMapping  : Mapped to ResourceHttpRequestHandler [classpath [META-INF/resources/], classpath [resources/], classpath [static/], classpath [public/], ServletContext [/]]
2026-05-15T17:25:54.980+05:30 DEBUG 16192 --- [nio-8090-exec-1] o.s.web.servlet.DispatcherServlet        : GET "/images/Guangzhou.png", parameters={}
2026-05-15T17:25:54.983+05:30 DEBUG 16192 --- [nio-8090-exec-1] o.s.w.s.handler.SimpleUrlHandlerMapping  : Mapped to ResourceHttpRequestHandler [classpath [META-INF/resources/], classpath [resources/], classpath [static/], classpath [public/], ServletContext [/]]
2026-05-15T17:25:55.012+05:30 DEBUG 16192 --- [nio-8090-exec-8] o.s.web.servlet.DispatcherServlet        : Completed 200 OK
2026-05-15T17:25:55.027+05:30 DEBUG 16192 --- [nio-8090-exec-8] o.s.web.servlet.DispatcherServlet        : GET "/images/Plane.png", parameters={}
2026-05-15T17:25:55.029+05:30 DEBUG 16192 --- [nio-8090-exec-8] o.s.w.s.handler.SimpleUrlHandlerMapping  : Mapped to ResourceHttpRequestHandler [classpath [META-INF/resources/], classpath [resources/], classpath [static/], classpath [public/], ServletContext [/]]
2026-05-15T17:25:55.085+05:30 DEBUG 16192 --- [nio-8090-exec-8] o.s.web.servlet.DispatcherServlet        : Completed 200 OK
2026-05-15T17:25:55.079+05:30 DEBUG 16192 --- [nio-8090-exec-2] o.s.web.servlet.DispatcherServlet        : Completed 200 OK
2026-05-15T17:25:55.097+05:30 DEBUG 16192 --- [nio-8090-exec-2] o.s.web.servlet.DispatcherServlet        : GET "/images/Baggage.png", parameters={}
2026-05-15T17:25:55.100+05:30 DEBUG 16192 --- [nio-8090-exec-2] o.s.w.s.handler.SimpleUrlHandlerMapping  : Mapped to ResourceHttpRequestHandler [classpath [META-INF/resources/], classpath [resources/], classpath [static/], classpath [public/], ServletContext [/]]
2026-05-15T17:25:55.147+05:30 DEBUG 16192 --- [nio-8090-exec-8] o.s.web.servlet.DispatcherServlet        : GET "/images/Ticket.png", parameters={}
2026-05-15T17:25:55.148+05:30 DEBUG 16192 --- [nio-8090-exec-8] o.s.w.s.handler.SimpleUrlHandlerMapping  : Mapped to ResourceHttpRequestHandler [classpath [META-INF/resources/], classpath [resources/], classpath [static/], classpath [public/], ServletContext [/]]
2026-05-15T17:25:55.251+05:30 DEBUG 16192 --- [nio-8090-exec-2] o.s.web.servlet.DispatcherServlet        : Completed 200 OK
2026-05-15T17:25:55.255+05:30 DEBUG 16192 --- [nio-8090-exec-5] o.s.web.servlet.DispatcherServlet        : GET "/images/ContactUs.png", parameters={}
2026-05-15T17:25:55.256+05:30 DEBUG 16192 --- [nio-8090-exec-5] o.s.w.s.handler.SimpleUrlHandlerMapping  : Mapped to ResourceHttpRequestHandler [classpath [META-INF/resources/], classpath [resources/], classpath [static/], classpath [public/], ServletContext [/]]
2026-05-15T17:25:55.312+05:30 DEBUG 16192 --- [nio-8090-exec-5] o.s.web.servlet.DispatcherServlet        : Completed 200 OK
2026-05-15T17:25:55.365+05:30 DEBUG 16192 --- [nio-8090-exec-8] o.s.web.servlet.DispatcherServlet        : Completed 200 OK
2026-05-15T17:25:55.421+05:30 DEBUG 16192 --- [nio-8090-exec-9] o.s.web.servlet.DispatcherServlet        : Completed 200 OK
2026-05-15T17:25:55.574+05:30 DEBUG 16192 --- [nio-8090-exec-1] o.s.web.servlet.DispatcherServlet        : Completed 200 OK
2026-05-15T17:25:55.628+05:30 DEBUG 16192 --- [nio-8090-exec-6] o.s.web.servlet.DispatcherServlet        : Completed 200 OK
2026-05-15T17:25:55.658+05:30 DEBUG 16192 --- [io-8090-exec-10] o.s.web.servlet.DispatcherServlet        : Completed 200 OK
2026-05-15T17:25:55.737+05:30 DEBUG 16192 --- [nio-8090-exec-3] o.s.web.servlet.DispatcherServlet        : GET "/api/v1/auth/contact", parameters={}
2026-05-15T17:25:55.738+05:30 DEBUG 16192 --- [nio-8090-exec-3] s.w.s.m.m.a.RequestMappingHandlerMapping : Mapped to com.jkshian.arms.controller.AuthenticationController#contact()
2026-05-15T17:25:55.740+05:30 DEBUG 16192 --- [nio-8090-exec-3] o.s.w.s.v.ContentNegotiatingViewResolver : Selected 'text/html' given [text/html, application/xhtml+xml, image/avif, image/webp, image/apng, application/xml;q=0.9, */*;q=0.8, application/signed-exchange;v=b3;q=0.7]
2026-05-15T17:25:55.748+05:30 DEBUG 16192 --- [nio-8090-exec-3] o.s.web.servlet.DispatcherServlet        : Completed 200 OK
2026-05-15T17:25:55.798+05:30 DEBUG 16192 --- [nio-8090-exec-7] o.s.web.servlet.DispatcherServlet        : GET "/css/style.css?v=6", parameters={masked}
2026-05-15T17:25:55.799+05:30 DEBUG 16192 --- [nio-8090-exec-7] o.s.w.s.handler.SimpleUrlHandlerMapping  : Mapped to ResourceHttpRequestHandler [classpath [META-INF/resources/], classpath [resources/], classpath [static/], classpath [public/], ServletContext [/]]
2026-05-15T17:25:55.803+05:30 DEBUG 16192 --- [nio-8090-exec-7] o.s.web.servlet.DispatcherServlet        : Completed 200 OK
2026-05-15T17:25:55.920+05:30 DEBUG 16192 --- [nio-8090-exec-4] o.s.web.servlet.DispatcherServlet        : GET "/images/HeroSection.png", parameters={}
2026-05-15T17:25:55.921+05:30 DEBUG 16192 --- [nio-8090-exec-4] o.s.w.s.handler.SimpleUrlHandlerMapping  : Mapped to ResourceHttpRequestHandler [classpath [META-INF/resources/], classpath [resources/], classpath [static/], classpath [public/], ServletContext [/]]
2026-05-15T17:25:55.951+05:30 DEBUG 16192 --- [nio-8090-exec-4] o.s.web.servlet.DispatcherServlet        : Completed 200 OK
2026-05-15T17:26:20.127+05:30 DEBUG 16192 --- [nio-8090-exec-9] o.s.web.servlet.DispatcherServlet        : GET "/api/v1/auth/login", parameters={}
2026-05-15T17:26:20.130+05:30 DEBUG 16192 --- [nio-8090-exec-9] s.w.s.m.m.a.RequestMappingHandlerMapping : Mapped to com.jkshian.arms.controller.AuthenticationController#login()
2026-05-15T17:26:20.134+05:30 DEBUG 16192 --- [nio-8090-exec-9] o.s.w.s.v.ContentNegotiatingViewResolver : Selected 'text/html' given [text/html, application/xhtml+xml, image/avif, image/webp, image/apng, application/xml;q=0.9, */*;q=0.8, application/signed-exchange;v=b3;q=0.7]
2026-05-15T17:26:20.139+05:30 DEBUG 16192 --- [nio-8090-exec-9] o.s.web.servlet.DispatcherServlet        : Completed 200 OK
2026-05-15T17:26:20.185+05:30 DEBUG 16192 --- [nio-8090-exec-1] o.s.web.servlet.DispatcherServlet        : GET "/css/style.css", parameters={}
2026-05-15T17:26:20.186+05:30 DEBUG 16192 --- [nio-8090-exec-6] o.s.web.servlet.DispatcherServlet        : GET "/js/auth.js", parameters={}
2026-05-15T17:26:20.186+05:30 DEBUG 16192 --- [nio-8090-exec-1] o.s.w.s.handler.SimpleUrlHandlerMapping  : Mapped to ResourceHttpRequestHandler [classpath [META-INF/resources/], classpath [resources/], classpath [static/], classpath [public/], ServletContext [/]]
2026-05-15T17:26:20.186+05:30 DEBUG 16192 --- [nio-8090-exec-6] o.s.w.s.handler.SimpleUrlHandlerMapping  : Mapped to ResourceHttpRequestHandler [classpath [META-INF/resources/], classpath [resources/], classpath [static/], classpath [public/], ServletContext [/]]
2026-05-15T17:26:20.190+05:30 DEBUG 16192 --- [nio-8090-exec-6] o.s.web.servlet.DispatcherServlet        : Completed 200 OK
2026-05-15T17:26:20.194+05:30 DEBUG 16192 --- [nio-8090-exec-1] o.s.web.servlet.DispatcherServlet        : Completed 200 OK
2026-05-15T17:26:23.967+05:30 DEBUG 16192 --- [nio-8090-exec-3] o.s.web.servlet.DispatcherServlet        : GET "/api/v1/auth/registration", parameters={}
2026-05-15T17:26:23.969+05:30 DEBUG 16192 --- [nio-8090-exec-3] s.w.s.m.m.a.RequestMappingHandlerMapping : Mapped to com.jkshian.arms.controller.AuthenticationController#registration()
2026-05-15T17:26:24.037+05:30 DEBUG 16192 --- [nio-8090-exec-3] o.s.w.s.v.ContentNegotiatingViewResolver : Selected 'text/html' given [text/html, application/xhtml+xml, image/avif, image/webp, image/apng, application/xml;q=0.9, */*;q=0.8, application/signed-exchange;v=b3;q=0.7]
2026-05-15T17:26:24.068+05:30 DEBUG 16192 --- [nio-8090-exec-3] o.s.web.servlet.DispatcherServlet        : Completed 200 OK
2026-05-15T17:26:24.121+05:30 DEBUG 16192 --- [nio-8090-exec-7] o.s.web.servlet.DispatcherServlet        : GET "/css/style.css", parameters={}
2026-05-15T17:26:24.124+05:30 DEBUG 16192 --- [nio-8090-exec-7] o.s.w.s.handler.SimpleUrlHandlerMapping  : Mapped to ResourceHttpRequestHandler [classpath [META-INF/resources/], classpath [resources/], classpath [static/], classpath [public/], ServletContext [/]]
2026-05-15T17:26:24.130+05:30 DEBUG 16192 --- [nio-8090-exec-4] o.s.web.servlet.DispatcherServlet        : GET "/js/auth.js", parameters={}
2026-05-15T17:26:24.130+05:30 DEBUG 16192 --- [nio-8090-exec-7] o.s.web.servlet.DispatcherServlet        : Completed 200 OK
2026-05-15T17:26:24.131+05:30 DEBUG 16192 --- [nio-8090-exec-4] o.s.w.s.handler.SimpleUrlHandlerMapping  : Mapped to ResourceHttpRequestHandler [classpath [META-INF/resources/], classpath [resources/], classpath [static/], classpath [public/], ServletContext [/]]
2026-05-15T17:26:24.136+05:30 DEBUG 16192 --- [nio-8090-exec-4] o.s.web.servlet.DispatcherServlet        : Completed 200 OK
2026-05-15T17:26:28.094+05:30 DEBUG 16192 --- [nio-8090-exec-5] o.s.web.servlet.DispatcherServlet        : GET "/api/v1/auth/index", parameters={}
2026-05-15T17:26:28.097+05:30 DEBUG 16192 --- [nio-8090-exec-5] s.w.s.m.m.a.RequestMappingHandlerMapping : Mapped to com.jkshian.arms.controller.AuthenticationController#index(Model, Authentication, HttpServletRequest)
2026-05-15T17:26:28.104+05:30 DEBUG 16192 --- [nio-8090-exec-5] o.s.w.s.v.ContentNegotiatingViewResolver : Selected 'text/html' given [text/html, application/xhtml+xml, image/avif, image/webp, image/apng, application/xml;q=0.9, */*;q=0.8, application/signed-exchange;v=b3;q=0.7]
2026-05-15T17:26:28.162+05:30 DEBUG 16192 --- [nio-8090-exec-5] o.s.web.servlet.DispatcherServlet        : Completed 200 OK
2026-05-15T17:26:28.178+05:30 DEBUG 16192 --- [nio-8090-exec-8] o.s.web.servlet.DispatcherServlet        : GET "/css/wingway-index.css", parameters={}
2026-05-15T17:26:28.179+05:30 DEBUG 16192 --- [nio-8090-exec-1] o.s.web.servlet.DispatcherServlet        : GET "/images/Singapore.png", parameters={}
2026-05-15T17:26:28.181+05:30 DEBUG 16192 --- [nio-8090-exec-8] o.s.w.s.handler.SimpleUrlHandlerMapping  : Mapped to ResourceHttpRequestHandler [classpath [META-INF/resources/], classpath [resources/], classpath [static/], classpath [public/], ServletContext [/]]
2026-05-15T17:26:28.180+05:30 DEBUG 16192 --- [nio-8090-exec-6] o.s.web.servlet.DispatcherServlet        : GET "/images/Jaipur.png", parameters={}
2026-05-15T17:26:28.181+05:30 DEBUG 16192 --- [nio-8090-exec-9] o.s.web.servlet.DispatcherServlet        : GET "/images/HeroSection.png", parameters={}
2026-05-15T17:26:28.181+05:30 DEBUG 16192 --- [nio-8090-exec-1] o.s.w.s.handler.SimpleUrlHandlerMapping  : Mapped to ResourceHttpRequestHandler [classpath [META-INF/resources/], classpath [resources/], classpath [static/], classpath [public/], ServletContext [/]]
2026-05-15T17:26:28.181+05:30 DEBUG 16192 --- [io-8090-exec-10] o.s.web.servlet.DispatcherServlet        : GET "/images/Phuket.png", parameters={}
2026-05-15T17:26:28.184+05:30 DEBUG 16192 --- [nio-8090-exec-6] o.s.w.s.handler.SimpleUrlHandlerMapping  : Mapped to ResourceHttpRequestHandler [classpath [META-INF/resources/], classpath [resources/], classpath [static/], classpath [public/], ServletContext [/]]
2026-05-15T17:26:28.187+05:30 DEBUG 16192 --- [nio-8090-exec-3] o.s.web.servlet.DispatcherServlet        : GET "/images/Goa.png", parameters={}
2026-05-15T17:26:28.187+05:30 DEBUG 16192 --- [nio-8090-exec-9] o.s.w.s.handler.SimpleUrlHandlerMapping  : Mapped to ResourceHttpRequestHandler [classpath [META-INF/resources/], classpath [resources/], classpath [static/], classpath [public/], ServletContext [/]]
2026-05-15T17:26:28.188+05:30 DEBUG 16192 --- [nio-8090-exec-3] o.s.w.s.handler.SimpleUrlHandlerMapping  : Mapped to ResourceHttpRequestHandler [classpath [META-INF/resources/], classpath [resources/], classpath [static/], classpath [public/], ServletContext [/]]
2026-05-15T17:26:28.187+05:30 DEBUG 16192 --- [io-8090-exec-10] o.s.w.s.handler.SimpleUrlHandlerMapping  : Mapped to ResourceHttpRequestHandler [classpath [META-INF/resources/], classpath [resources/], classpath [static/], classpath [public/], ServletContext [/]]
2026-05-15T17:26:28.202+05:30 DEBUG 16192 --- [io-8090-exec-10] o.s.web.servlet.DispatcherServlet        : Completed 200 OK
2026-05-15T17:26:28.203+05:30 DEBUG 16192 --- [nio-8090-exec-8] o.s.web.servlet.DispatcherServlet        : Completed 200 OK
2026-05-15T17:26:28.204+05:30 DEBUG 16192 --- [nio-8090-exec-7] o.s.web.servlet.DispatcherServlet        : GET "/js/auth.js", parameters={}
2026-05-15T17:26:28.205+05:30 DEBUG 16192 --- [nio-8090-exec-7] o.s.w.s.handler.SimpleUrlHandlerMapping  : Mapped to ResourceHttpRequestHandler [classpath [META-INF/resources/], classpath [resources/], classpath [static/], classpath [public/], ServletContext [/]]
2026-05-15T17:26:28.213+05:30 DEBUG 16192 --- [nio-8090-exec-4] o.s.web.servlet.DispatcherServlet        : GET "/images/Hanoi.png", parameters={}
2026-05-15T17:26:28.214+05:30 DEBUG 16192 --- [nio-8090-exec-4] o.s.w.s.handler.SimpleUrlHandlerMapping  : Mapped to ResourceHttpRequestHandler [classpath [META-INF/resources/], classpath [resources/], classpath [static/], classpath [public/], ServletContext [/]]
2026-05-15T17:26:28.214+05:30 DEBUG 16192 --- [nio-8090-exec-7] o.s.web.servlet.DispatcherServlet        : Completed 200 OK
2026-05-15T17:26:28.223+05:30 DEBUG 16192 --- [nio-8090-exec-2] o.s.web.servlet.DispatcherServlet        : GET "/images/Baku.png", parameters={}
2026-05-15T17:26:28.232+05:30 DEBUG 16192 --- [nio-8090-exec-2] o.s.w.s.handler.SimpleUrlHandlerMapping  : Mapped to ResourceHttpRequestHandler [classpath [META-INF/resources/], classpath [resources/], classpath [static/], classpath [public/], ServletContext [/]]
2026-05-15T17:26:28.237+05:30 DEBUG 16192 --- [nio-8090-exec-9] o.s.web.servlet.DispatcherServlet        : Completed 200 OK
2026-05-15T17:26:28.239+05:30 DEBUG 16192 --- [nio-8090-exec-9] o.s.web.servlet.DispatcherServlet        : GET "/images/Dubai.png", parameters={}
2026-05-15T17:26:28.243+05:30 DEBUG 16192 --- [nio-8090-exec-9] o.s.w.s.handler.SimpleUrlHandlerMapping  : Mapped to ResourceHttpRequestHandler [classpath [META-INF/resources/], classpath [resources/], classpath [static/], classpath [public/], ServletContext [/]]
2026-05-15T17:26:28.291+05:30 DEBUG 16192 --- [nio-8090-exec-3] o.s.web.servlet.DispatcherServlet        : Completed 200 OK
2026-05-15T17:26:28.294+05:30 DEBUG 16192 --- [nio-8090-exec-3] o.s.web.servlet.DispatcherServlet        : GET "/images/Delhi.png", parameters={}
2026-05-15T17:26:28.294+05:30 DEBUG 16192 --- [nio-8090-exec-3] o.s.w.s.handler.SimpleUrlHandlerMapping  : Mapped to ResourceHttpRequestHandler [classpath [META-INF/resources/], classpath [resources/], classpath [static/], classpath [public/], ServletContext [/]]
2026-05-15T17:26:28.327+05:30 DEBUG 16192 --- [nio-8090-exec-9] o.s.web.servlet.DispatcherServlet        : Completed 200 OK
2026-05-15T17:26:28.327+05:30 DEBUG 16192 --- [nio-8090-exec-3] o.s.web.servlet.DispatcherServlet        : Completed 200 OK
2026-05-15T17:26:28.330+05:30 DEBUG 16192 --- [nio-8090-exec-4] o.s.web.servlet.DispatcherServlet        : Completed 200 OK
2026-05-15T17:26:28.345+05:30 DEBUG 16192 --- [nio-8090-exec-5] o.s.web.servlet.DispatcherServlet        : GET "/images/Amsterdam.png", parameters={}
2026-05-15T17:26:28.370+05:30 DEBUG 16192 --- [nio-8090-exec-8] o.s.web.servlet.DispatcherServlet        : GET "/images/Paris.png", parameters={}
2026-05-15T17:26:28.379+05:30 DEBUG 16192 --- [io-8090-exec-10] o.s.web.servlet.DispatcherServlet        : GET "/images/Agra.png", parameters={}
2026-05-15T17:26:28.388+05:30 DEBUG 16192 --- [io-8090-exec-10] o.s.w.s.handler.SimpleUrlHandlerMapping  : Mapped to ResourceHttpRequestHandler [classpath [META-INF/resources/], classpath [resources/], classpath [static/], classpath [public/], ServletContext [/]]
2026-05-15T17:26:28.390+05:30 DEBUG 16192 --- [nio-8090-exec-8] o.s.w.s.handler.SimpleUrlHandlerMapping  : Mapped to ResourceHttpRequestHandler [classpath [META-INF/resources/], classpath [resources/], classpath [static/], classpath [public/], ServletContext [/]]
2026-05-15T17:26:28.391+05:30 DEBUG 16192 --- [nio-8090-exec-5] o.s.w.s.handler.SimpleUrlHandlerMapping  : Mapped to ResourceHttpRequestHandler [classpath [META-INF/resources/], classpath [resources/], classpath [static/], classpath [public/], ServletContext [/]]
2026-05-15T17:26:28.445+05:30 DEBUG 16192 --- [io-8090-exec-10] o.s.web.servlet.DispatcherServlet        : Completed 200 OK
2026-05-15T17:26:28.460+05:30 DEBUG 16192 --- [nio-8090-exec-7] o.s.web.servlet.DispatcherServlet        : GET "/images/Bangkok.png", parameters={}
2026-05-15T17:26:28.460+05:30 DEBUG 16192 --- [nio-8090-exec-7] o.s.w.s.handler.SimpleUrlHandlerMapping  : Mapped to ResourceHttpRequestHandler [classpath [META-INF/resources/], classpath [resources/], classpath [static/], classpath [public/], ServletContext [/]]
2026-05-15T17:26:28.474+05:30 DEBUG 16192 --- [nio-8090-exec-8] o.s.web.servlet.DispatcherServlet        : Completed 200 OK
2026-05-15T17:26:28.491+05:30 DEBUG 16192 --- [nio-8090-exec-8] o.s.web.servlet.DispatcherServlet        : GET "/images/London.png", parameters={}
2026-05-15T17:26:28.492+05:30 DEBUG 16192 --- [nio-8090-exec-5] o.s.web.servlet.DispatcherServlet        : Completed 200 OK
2026-05-15T17:26:28.493+05:30 DEBUG 16192 --- [nio-8090-exec-8] o.s.w.s.handler.SimpleUrlHandlerMapping  : Mapped to ResourceHttpRequestHandler [classpath [META-INF/resources/], classpath [resources/], classpath [static/], classpath [public/], ServletContext [/]]
2026-05-15T17:26:28.508+05:30 DEBUG 16192 --- [nio-8090-exec-5] o.s.web.servlet.DispatcherServlet        : GET "/images/Guangzhou.png", parameters={}
2026-05-15T17:26:28.511+05:30 DEBUG 16192 --- [nio-8090-exec-5] o.s.w.s.handler.SimpleUrlHandlerMapping  : Mapped to ResourceHttpRequestHandler [classpath [META-INF/resources/], classpath [resources/], classpath [static/], classpath [public/], ServletContext [/]]
2026-05-15T17:26:28.539+05:30 DEBUG 16192 --- [nio-8090-exec-2] o.s.web.servlet.DispatcherServlet        : Completed 200 OK
2026-05-15T17:26:28.556+05:30 DEBUG 16192 --- [nio-8090-exec-9] o.s.web.servlet.DispatcherServlet        : GET "/images/Plane.png", parameters={}
2026-05-15T17:26:28.557+05:30 DEBUG 16192 --- [nio-8090-exec-9] o.s.w.s.handler.SimpleUrlHandlerMapping  : Mapped to ResourceHttpRequestHandler [classpath [META-INF/resources/], classpath [resources/], classpath [static/], classpath [public/], ServletContext [/]]
2026-05-15T17:26:28.576+05:30 DEBUG 16192 --- [nio-8090-exec-8] o.s.web.servlet.DispatcherServlet        : Completed 200 OK
2026-05-15T17:26:28.577+05:30 DEBUG 16192 --- [nio-8090-exec-9] o.s.web.servlet.DispatcherServlet        : Completed 200 OK
2026-05-15T17:26:28.609+05:30 DEBUG 16192 --- [nio-8090-exec-9] o.s.web.servlet.DispatcherServlet        : GET "/images/Ticket.png", parameters={}
2026-05-15T17:26:28.609+05:30 DEBUG 16192 --- [nio-8090-exec-8] o.s.web.servlet.DispatcherServlet        : GET "/images/Baggage.png", parameters={}
2026-05-15T17:26:28.611+05:30 DEBUG 16192 --- [nio-8090-exec-8] o.s.w.s.handler.SimpleUrlHandlerMapping  : Mapped to ResourceHttpRequestHandler [classpath [META-INF/resources/], classpath [resources/], classpath [static/], classpath [public/], ServletContext [/]]
2026-05-15T17:26:28.611+05:30 DEBUG 16192 --- [nio-8090-exec-9] o.s.w.s.handler.SimpleUrlHandlerMapping  : Mapped to ResourceHttpRequestHandler [classpath [META-INF/resources/], classpath [resources/], classpath [static/], classpath [public/], ServletContext [/]]
2026-05-15T17:26:28.702+05:30 DEBUG 16192 --- [nio-8090-exec-8] o.s.web.servlet.DispatcherServlet        : Completed 200 OK
2026-05-15T17:26:28.716+05:30 DEBUG 16192 --- [nio-8090-exec-3] o.s.web.servlet.DispatcherServlet        : GET "/images/ContactUs.png", parameters={}
2026-05-15T17:26:28.721+05:30 DEBUG 16192 --- [nio-8090-exec-3] o.s.w.s.handler.SimpleUrlHandlerMapping  : Mapped to ResourceHttpRequestHandler [classpath [META-INF/resources/], classpath [resources/], classpath [static/], classpath [public/], ServletContext [/]]
2026-05-15T17:26:28.748+05:30 DEBUG 16192 --- [nio-8090-exec-3] o.s.web.servlet.DispatcherServlet        : Completed 200 OK
2026-05-15T17:26:28.796+05:30 DEBUG 16192 --- [nio-8090-exec-9] o.s.web.servlet.DispatcherServlet        : Completed 200 OK
2026-05-15T17:26:28.805+05:30 DEBUG 16192 --- [nio-8090-exec-1] o.s.web.servlet.DispatcherServlet        : Completed 200 OK
2026-05-15T17:26:28.811+05:30 DEBUG 16192 --- [nio-8090-exec-5] o.s.web.servlet.DispatcherServlet        : Completed 200 OK
2026-05-15T17:26:28.824+05:30 DEBUG 16192 --- [nio-8090-exec-7] o.s.web.servlet.DispatcherServlet        : Completed 200 OK
2026-05-15T17:26:28.846+05:30 DEBUG 16192 --- [nio-8090-exec-6] o.s.web.servlet.DispatcherServlet        : Completed 200 OK
2026-05-15T17:27:03.264+05:30 DEBUG 16192 --- [nio-8090-exec-2] o.s.web.servlet.DispatcherServlet        : POST "/api/v1/auth/flights/search", parameters={}
2026-05-15T17:27:03.264+05:30 DEBUG 16192 --- [nio-8090-exec-2] s.w.s.m.m.a.RequestMappingHandlerMapping : Mapped to com.jkshian.arms.controller.AuthenticationController#searchFlights(BookingDto)
2026-05-15T17:27:04.003+05:30 DEBUG 16192 --- [nio-8090-exec-2] m.m.a.RequestResponseBodyMethodProcessor : Read "application/json;charset=UTF-8" to [BookingDto(id=0, bstart=chandigarh, bend=delhi, bnumofseat=1, price=0.0, classType=ECONOMY, seatNumb (truncated)...]
2026-05-15T17:27:04.213+05:30 DEBUG 16192 --- [nio-8090-exec-2] org.hibernate.SQL                        : select ap1_0.id,ap1_0.aircraft_model,ap1_0.airline,ap1_0.arrival_time,ap1_0.avl_seat,ap1_0.departure_time,ap1_0.end,ap1_0.flight_number,ap1_0.num_of_km,ap1_0.price,ap1_0.start from airplane ap1_0
Hibernate: select ap1_0.id,ap1_0.aircraft_model,ap1_0.airline,ap1_0.arrival_time,ap1_0.avl_seat,ap1_0.departure_time,ap1_0.end,ap1_0.flight_number,ap1_0.num_of_km,ap1_0.price,ap1_0.start from airplane ap1_0
2026-05-15T17:27:04.386+05:30 DEBUG 16192 --- [nio-8090-exec-2] o.s.w.s.m.m.a.HttpEntityMethodProcessor  : Using 'application/json', given [*/*] and supported [application/json, application/*+json]
2026-05-15T17:27:04.386+05:30 DEBUG 16192 --- [nio-8090-exec-2] o.s.w.s.m.m.a.HttpEntityMethodProcessor  : Writing [[FlightOptionDto(optionId=29, airplaneId=29, airline=IndiGo, flightNumber=6E 278, aircraftModel=Airb (truncated)...]
2026-05-15T17:27:04.454+05:30 DEBUG 16192 --- [nio-8090-exec-2] o.s.web.servlet.DispatcherServlet        : Completed 200 OK
2026-05-15T17:27:04.482+05:30 DEBUG 16192 --- [nio-8090-exec-8] o.s.web.servlet.DispatcherServlet        : GET "/api/v1/auth/select", parameters={}
2026-05-15T17:27:04.482+05:30 DEBUG 16192 --- [nio-8090-exec-8] s.w.s.m.m.a.RequestMappingHandlerMapping : Mapped to com.jkshian.arms.controller.AuthenticationController#select()
2026-05-15T17:27:04.512+05:30 DEBUG 16192 --- [nio-8090-exec-8] o.s.w.s.v.ContentNegotiatingViewResolver : Selected 'text/html' given [text/html, application/xhtml+xml, image/avif, image/webp, image/apng, application/xml;q=0.9, */*;q=0.8, application/signed-exchange;v=b3;q=0.7]
2026-05-15T17:27:04.525+05:30 DEBUG 16192 --- [nio-8090-exec-8] o.s.web.servlet.DispatcherServlet        : Completed 200 OK
2026-05-15T17:27:04.636+05:30 DEBUG 16192 --- [nio-8090-exec-9] o.s.web.servlet.DispatcherServlet        : GET "/js/select.js", parameters={}
2026-05-15T17:27:04.638+05:30 DEBUG 16192 --- [nio-8090-exec-3] o.s.web.servlet.DispatcherServlet        : GET "/css/select.css", parameters={}
2026-05-15T17:27:04.638+05:30 DEBUG 16192 --- [nio-8090-exec-9] o.s.w.s.handler.SimpleUrlHandlerMapping  : Mapped to ResourceHttpRequestHandler [classpath [META-INF/resources/], classpath [resources/], classpath [static/], classpath [public/], ServletContext [/]]
2026-05-15T17:27:04.638+05:30 DEBUG 16192 --- [nio-8090-exec-3] o.s.w.s.handler.SimpleUrlHandlerMapping  : Mapped to ResourceHttpRequestHandler [classpath [META-INF/resources/], classpath [resources/], classpath [static/], classpath [public/], ServletContext [/]]
2026-05-15T17:27:04.647+05:30 DEBUG 16192 --- [nio-8090-exec-9] o.s.web.servlet.DispatcherServlet        : Completed 200 OK
2026-05-15T17:27:04.653+05:30 DEBUG 16192 --- [nio-8090-exec-3] o.s.web.servlet.DispatcherServlet        : Completed 200 OK
2026-05-15T17:27:07.868+05:30 DEBUG 16192 --- [nio-8090-exec-5] o.s.web.servlet.DispatcherServlet        : GET "/api/v1/auth/ticket", parameters={}
2026-05-15T17:27:07.869+05:30 DEBUG 16192 --- [nio-8090-exec-5] s.w.s.m.m.a.RequestMappingHandlerMapping : Mapped to com.jkshian.arms.controller.AuthenticationController#ticket()
2026-05-15T17:27:07.877+05:30 DEBUG 16192 --- [nio-8090-exec-5] o.s.w.s.v.ContentNegotiatingViewResolver : Selected 'text/html' given [text/html, application/xhtml+xml, image/avif, image/webp, image/apng, application/xml;q=0.9, */*;q=0.8, application/signed-exchange;v=b3;q=0.7]
2026-05-15T17:27:07.880+05:30 DEBUG 16192 --- [nio-8090-exec-5] o.s.web.servlet.DispatcherServlet        : Completed 200 OK
2026-05-15T17:27:07.909+05:30 DEBUG 16192 --- [nio-8090-exec-7] o.s.web.servlet.DispatcherServlet        : GET "/css/ticket.css", parameters={}
2026-05-15T17:27:07.911+05:30 DEBUG 16192 --- [nio-8090-exec-7] o.s.w.s.handler.SimpleUrlHandlerMapping  : Mapped to ResourceHttpRequestHandler [classpath [META-INF/resources/], classpath [resources/], classpath [static/], classpath [public/], ServletContext [/]]
2026-05-15T17:27:07.914+05:30 DEBUG 16192 --- [nio-8090-exec-6] o.s.web.servlet.DispatcherServlet        : GET "/js/ticket.js", parameters={}
2026-05-15T17:27:07.914+05:30 DEBUG 16192 --- [nio-8090-exec-6] o.s.w.s.handler.SimpleUrlHandlerMapping  : Mapped to ResourceHttpRequestHandler [classpath [META-INF/resources/], classpath [resources/], classpath [static/], classpath [public/], ServletContext [/]]
2026-05-15T17:27:07.917+05:30 DEBUG 16192 --- [nio-8090-exec-7] o.s.web.servlet.DispatcherServlet        : Completed 200 OK
2026-05-15T17:27:07.919+05:30 DEBUG 16192 --- [nio-8090-exec-6] o.s.web.servlet.DispatcherServlet        : Completed 200 OK
2026-05-15T17:27:13.164+05:30 DEBUG 16192 --- [io-8090-exec-10] o.s.web.servlet.DispatcherServlet        : GET "/api/v1/auth/payment", parameters={}
2026-05-15T17:27:13.164+05:30 DEBUG 16192 --- [io-8090-exec-10] s.w.s.m.m.a.RequestMappingHandlerMapping : Mapped to com.jkshian.arms.controller.AuthenticationController#payment()
2026-05-15T17:27:13.172+05:30 DEBUG 16192 --- [io-8090-exec-10] o.s.w.s.v.ContentNegotiatingViewResolver : Selected 'text/html' given [text/html, application/xhtml+xml, image/avif, image/webp, image/apng, application/xml;q=0.9, */*;q=0.8, application/signed-exchange;v=b3;q=0.7]
2026-05-15T17:27:13.181+05:30 DEBUG 16192 --- [io-8090-exec-10] o.s.web.servlet.DispatcherServlet        : Completed 200 OK
2026-05-15T17:27:13.208+05:30 DEBUG 16192 --- [nio-8090-exec-2] o.s.web.servlet.DispatcherServlet        : GET "/css/payment.css", parameters={}
2026-05-15T17:27:13.208+05:30 DEBUG 16192 --- [nio-8090-exec-2] o.s.w.s.handler.SimpleUrlHandlerMapping  : Mapped to ResourceHttpRequestHandler [classpath [META-INF/resources/], classpath [resources/], classpath [static/], classpath [public/], ServletContext [/]]
2026-05-15T17:27:13.213+05:30 DEBUG 16192 --- [nio-8090-exec-9] o.s.web.servlet.DispatcherServlet        : GET "/js/payment.js", parameters={}
2026-05-15T17:27:13.213+05:30 DEBUG 16192 --- [nio-8090-exec-2] o.s.web.servlet.DispatcherServlet        : Completed 200 OK
2026-05-15T17:27:13.213+05:30 DEBUG 16192 --- [nio-8090-exec-8] o.s.web.servlet.DispatcherServlet        : GET "/js/auth.js", parameters={}
2026-05-15T17:27:13.215+05:30 DEBUG 16192 --- [nio-8090-exec-9] o.s.w.s.handler.SimpleUrlHandlerMapping  : Mapped to ResourceHttpRequestHandler [classpath [META-INF/resources/], classpath [resources/], classpath [static/], classpath [public/], ServletContext [/]]
2026-05-15T17:27:13.216+05:30 DEBUG 16192 --- [nio-8090-exec-8] o.s.w.s.handler.SimpleUrlHandlerMapping  : Mapped to ResourceHttpRequestHandler [classpath [META-INF/resources/], classpath [resources/], classpath [static/], classpath [public/], ServletContext [/]]
2026-05-15T17:27:13.218+05:30 DEBUG 16192 --- [nio-8090-exec-8] o.s.web.servlet.DispatcherServlet        : Completed 200 OK
2026-05-15T17:27:13.220+05:30 DEBUG 16192 --- [nio-8090-exec-9] o.s.web.servlet.DispatcherServlet        : Completed 200 OK
2026-05-15T17:27:16.614+05:30 DEBUG 16192 --- [nio-8090-exec-1] o.s.web.servlet.DispatcherServlet        : GET "/api/v1/auth/ticket", parameters={}
2026-05-15T17:27:16.616+05:30 DEBUG 16192 --- [nio-8090-exec-1] s.w.s.m.m.a.RequestMappingHandlerMapping : Mapped to com.jkshian.arms.controller.AuthenticationController#ticket()
2026-05-15T17:27:16.618+05:30 DEBUG 16192 --- [nio-8090-exec-1] o.s.w.s.v.ContentNegotiatingViewResolver : Selected 'text/html' given [text/html, application/xhtml+xml, image/avif, image/webp, image/apng, application/xml;q=0.9, */*;q=0.8, application/signed-exchange;v=b3;q=0.7]
2026-05-15T17:27:16.621+05:30 DEBUG 16192 --- [nio-8090-exec-1] o.s.web.servlet.DispatcherServlet        : Completed 200 OK
2026-05-15T17:27:16.658+05:30 DEBUG 16192 --- [nio-8090-exec-5] o.s.web.servlet.DispatcherServlet        : GET "/css/ticket.css", parameters={}
2026-05-15T17:27:16.658+05:30 DEBUG 16192 --- [nio-8090-exec-5] o.s.w.s.handler.SimpleUrlHandlerMapping  : Mapped to ResourceHttpRequestHandler [classpath [META-INF/resources/], classpath [resources/], classpath [static/], classpath [public/], ServletContext [/]]
2026-05-15T17:27:16.667+05:30 DEBUG 16192 --- [nio-8090-exec-5] o.s.web.servlet.DispatcherServlet        : Completed 200 OK
2026-05-15T17:27:16.669+05:30 DEBUG 16192 --- [nio-8090-exec-5] o.s.web.servlet.DispatcherServlet        : GET "/js/ticket.js", parameters={}
2026-05-15T17:27:16.670+05:30 DEBUG 16192 --- [nio-8090-exec-5] o.s.w.s.handler.SimpleUrlHandlerMapping  : Mapped to ResourceHttpRequestHandler [classpath [META-INF/resources/], classpath [resources/], classpath [static/], classpath [public/], ServletContext [/]]
2026-05-15T17:27:16.672+05:30 DEBUG 16192 --- [nio-8090-exec-5] o.s.web.servlet.DispatcherServlet        : Completed 200 OK
2026-05-15T17:27:17.048+05:30 DEBUG 16192 --- [nio-8090-exec-6] o.s.web.servlet.DispatcherServlet        : GET "/api/v1/auth/select", parameters={}
2026-05-15T17:27:17.049+05:30 DEBUG 16192 --- [nio-8090-exec-6] s.w.s.m.m.a.RequestMappingHandlerMapping : Mapped to com.jkshian.arms.controller.AuthenticationController#select()
2026-05-15T17:27:17.051+05:30 DEBUG 16192 --- [nio-8090-exec-6] o.s.w.s.v.ContentNegotiatingViewResolver : Selected 'text/html' given [text/html, application/xhtml+xml, image/avif, image/webp, image/apng, application/xml;q=0.9, */*;q=0.8, application/signed-exchange;v=b3;q=0.7]
2026-05-15T17:27:17.052+05:30 DEBUG 16192 --- [nio-8090-exec-6] o.s.web.servlet.DispatcherServlet        : Completed 200 OK
2026-05-15T17:27:17.074+05:30 DEBUG 16192 --- [nio-8090-exec-4] o.s.web.servlet.DispatcherServlet        : GET "/css/select.css", parameters={}
2026-05-15T17:27:17.076+05:30 DEBUG 16192 --- [nio-8090-exec-4] o.s.w.s.handler.SimpleUrlHandlerMapping  : Mapped to ResourceHttpRequestHandler [classpath [META-INF/resources/], classpath [resources/], classpath [static/], classpath [public/], ServletContext [/]]
2026-05-15T17:27:17.079+05:30 DEBUG 16192 --- [io-8090-exec-10] o.s.web.servlet.DispatcherServlet        : GET "/js/select.js", parameters={}
2026-05-15T17:27:17.080+05:30 DEBUG 16192 --- [nio-8090-exec-4] o.s.web.servlet.DispatcherServlet        : Completed 200 OK
2026-05-15T17:27:17.081+05:30 DEBUG 16192 --- [io-8090-exec-10] o.s.w.s.handler.SimpleUrlHandlerMapping  : Mapped to ResourceHttpRequestHandler [classpath [META-INF/resources/], classpath [resources/], classpath [static/], classpath [public/], ServletContext [/]]
2026-05-15T17:27:17.084+05:30 DEBUG 16192 --- [io-8090-exec-10] o.s.web.servlet.DispatcherServlet        : Completed 200 OK
2026-05-15T17:27:17.427+05:30 DEBUG 16192 --- [nio-8090-exec-9] o.s.web.servlet.DispatcherServlet        : GET "/api/v1/auth/index", parameters={}
2026-05-15T17:27:17.428+05:30 DEBUG 16192 --- [nio-8090-exec-9] s.w.s.m.m.a.RequestMappingHandlerMapping : Mapped to com.jkshian.arms.controller.AuthenticationController#index(Model, Authentication, HttpServletRequest)
2026-05-15T17:27:17.429+05:30 DEBUG 16192 --- [nio-8090-exec-9] o.s.w.s.v.ContentNegotiatingViewResolver : Selected 'text/html' given [text/html, application/xhtml+xml, image/avif, image/webp, image/apng, application/xml;q=0.9, */*;q=0.8, application/signed-exchange;v=b3;q=0.7]
2026-05-15T17:27:17.436+05:30 DEBUG 16192 --- [nio-8090-exec-9] o.s.web.servlet.DispatcherServlet        : Completed 200 OK
2026-05-15T17:27:17.465+05:30 DEBUG 16192 --- [nio-8090-exec-8] o.s.web.servlet.DispatcherServlet        : GET "/css/wingway-index.css", parameters={}
2026-05-15T17:27:17.466+05:30 DEBUG 16192 --- [nio-8090-exec-5] o.s.web.servlet.DispatcherServlet        : GET "/images/Singapore.png", parameters={}
2026-05-15T17:27:17.465+05:30 DEBUG 16192 --- [nio-8090-exec-1] o.s.web.servlet.DispatcherServlet        : GET "/images/Jaipur.png", parameters={}
2026-05-15T17:27:17.465+05:30 DEBUG 16192 --- [nio-8090-exec-3] o.s.web.servlet.DispatcherServlet        : GET "/images/HeroSection.png", parameters={}
2026-05-15T17:27:17.466+05:30 DEBUG 16192 --- [nio-8090-exec-8] o.s.w.s.handler.SimpleUrlHandlerMapping  : Mapped to ResourceHttpRequestHandler [classpath [META-INF/resources/], classpath [resources/], classpath [static/], classpath [public/], ServletContext [/]]
2026-05-15T17:27:17.471+05:30 DEBUG 16192 --- [nio-8090-exec-3] o.s.w.s.handler.SimpleUrlHandlerMapping  : Mapped to ResourceHttpRequestHandler [classpath [META-INF/resources/], classpath [resources/], classpath [static/], classpath [public/], ServletContext [/]]
2026-05-15T17:27:17.469+05:30 DEBUG 16192 --- [nio-8090-exec-7] o.s.web.servlet.DispatcherServlet        : GET "/images/Phuket.png", parameters={}
2026-05-15T17:27:17.471+05:30 DEBUG 16192 --- [nio-8090-exec-5] o.s.w.s.handler.SimpleUrlHandlerMapping  : Mapped to ResourceHttpRequestHandler [classpath [META-INF/resources/], classpath [resources/], classpath [static/], classpath [public/], ServletContext [/]]
2026-05-15T17:27:17.471+05:30 DEBUG 16192 --- [nio-8090-exec-7] o.s.w.s.handler.SimpleUrlHandlerMapping  : Mapped to ResourceHttpRequestHandler [classpath [META-INF/resources/], classpath [resources/], classpath [static/], classpath [public/], ServletContext [/]]
2026-05-15T17:27:17.471+05:30 DEBUG 16192 --- [nio-8090-exec-6] o.s.web.servlet.DispatcherServlet        : GET "/images/Goa.png", parameters={}
2026-05-15T17:27:17.475+05:30 DEBUG 16192 --- [nio-8090-exec-6] o.s.w.s.handler.SimpleUrlHandlerMapping  : Mapped to ResourceHttpRequestHandler [classpath [META-INF/resources/], classpath [resources/], classpath [static/], classpath [public/], ServletContext [/]]
2026-05-15T17:27:17.471+05:30 DEBUG 16192 --- [nio-8090-exec-1] o.s.w.s.handler.SimpleUrlHandlerMapping  : Mapped to ResourceHttpRequestHandler [classpath [META-INF/resources/], classpath [resources/], classpath [static/], classpath [public/], ServletContext [/]]
2026-05-15T17:27:17.484+05:30 DEBUG 16192 --- [nio-8090-exec-8] o.s.web.servlet.DispatcherServlet        : Completed 200 OK
2026-05-15T17:27:17.492+05:30 DEBUG 16192 --- [nio-8090-exec-4] o.s.web.servlet.DispatcherServlet        : GET "/js/auth.js", parameters={}
2026-05-15T17:27:17.493+05:30 DEBUG 16192 --- [nio-8090-exec-4] o.s.w.s.handler.SimpleUrlHandlerMapping  : Mapped to ResourceHttpRequestHandler [classpath [META-INF/resources/], classpath [resources/], classpath [static/], classpath [public/], ServletContext [/]]
2026-05-15T17:27:17.493+05:30 DEBUG 16192 --- [nio-8090-exec-7] o.s.web.servlet.DispatcherServlet        : Completed 200 OK
2026-05-15T17:27:17.497+05:30 DEBUG 16192 --- [nio-8090-exec-4] o.s.web.servlet.DispatcherServlet        : Completed 200 OK
2026-05-15T17:27:17.503+05:30 DEBUG 16192 --- [io-8090-exec-10] o.s.web.servlet.DispatcherServlet        : GET "/images/Hanoi.png", parameters={}
2026-05-15T17:27:17.504+05:30 DEBUG 16192 --- [nio-8090-exec-2] o.s.web.servlet.DispatcherServlet        : GET "/images/Baku.png", parameters={}
2026-05-15T17:27:17.504+05:30 DEBUG 16192 --- [io-8090-exec-10] o.s.w.s.handler.SimpleUrlHandlerMapping  : Mapped to ResourceHttpRequestHandler [classpath [META-INF/resources/], classpath [resources/], classpath [static/], classpath [public/], ServletContext [/]]
2026-05-15T17:27:17.507+05:30 DEBUG 16192 --- [nio-8090-exec-2] o.s.w.s.handler.SimpleUrlHandlerMapping  : Mapped to ResourceHttpRequestHandler [classpath [META-INF/resources/], classpath [resources/], classpath [static/], classpath [public/], ServletContext [/]]
2026-05-15T17:27:17.509+05:30 DEBUG 16192 --- [nio-8090-exec-3] o.s.web.servlet.DispatcherServlet        : Completed 200 OK
2026-05-15T17:27:17.509+05:30 DEBUG 16192 --- [nio-8090-exec-6] o.s.web.servlet.DispatcherServlet        : Completed 200 OK
2026-05-15T17:27:17.519+05:30 DEBUG 16192 --- [nio-8090-exec-9] o.s.web.servlet.DispatcherServlet        : GET "/images/Dubai.png", parameters={}
2026-05-15T17:27:17.520+05:30 DEBUG 16192 --- [nio-8090-exec-9] o.s.w.s.handler.SimpleUrlHandlerMapping  : Mapped to ResourceHttpRequestHandler [classpath [META-INF/resources/], classpath [resources/], classpath [static/], classpath [public/], ServletContext [/]]
2026-05-15T17:27:17.556+05:30 DEBUG 16192 --- [nio-8090-exec-8] o.s.web.servlet.DispatcherServlet        : GET "/images/Delhi.png", parameters={}
2026-05-15T17:27:17.558+05:30 DEBUG 16192 --- [nio-8090-exec-8] o.s.w.s.handler.SimpleUrlHandlerMapping  : Mapped to ResourceHttpRequestHandler [classpath [META-INF/resources/], classpath [resources/], classpath [static/], classpath [public/], ServletContext [/]]
2026-05-15T17:27:17.558+05:30 DEBUG 16192 --- [nio-8090-exec-9] o.s.web.servlet.DispatcherServlet        : Completed 200 OK
2026-05-15T17:27:17.571+05:30 DEBUG 16192 --- [nio-8090-exec-7] o.s.web.servlet.DispatcherServlet        : GET "/images/Amsterdam.png", parameters={}
2026-05-15T17:27:17.572+05:30 DEBUG 16192 --- [nio-8090-exec-7] o.s.w.s.handler.SimpleUrlHandlerMapping  : Mapped to ResourceHttpRequestHandler [classpath [META-INF/resources/], classpath [resources/], classpath [static/], classpath [public/], ServletContext [/]]
2026-05-15T17:27:17.577+05:30 DEBUG 16192 --- [nio-8090-exec-8] o.s.web.servlet.DispatcherServlet        : Completed 200 OK
2026-05-15T17:27:17.582+05:30 DEBUG 16192 --- [nio-8090-exec-4] o.s.web.servlet.DispatcherServlet        : GET "/images/Agra.png", parameters={}
2026-05-15T17:27:17.587+05:30 DEBUG 16192 --- [nio-8090-exec-4] o.s.w.s.handler.SimpleUrlHandlerMapping  : Mapped to ResourceHttpRequestHandler [classpath [META-INF/resources/], classpath [resources/], classpath [static/], classpath [public/], ServletContext [/]]
2026-05-15T17:27:17.606+05:30 DEBUG 16192 --- [io-8090-exec-10] o.s.web.servlet.DispatcherServlet        : Completed 200 OK
2026-05-15T17:27:17.602+05:30 DEBUG 16192 --- [nio-8090-exec-4] o.s.web.servlet.DispatcherServlet        : Completed 200 OK
2026-05-15T17:27:17.608+05:30 DEBUG 16192 --- [nio-8090-exec-3] o.s.web.servlet.DispatcherServlet        : GET "/images/Bangkok.png", parameters={}
2026-05-15T17:27:17.609+05:30 DEBUG 16192 --- [nio-8090-exec-3] o.s.w.s.handler.SimpleUrlHandlerMapping  : Mapped to ResourceHttpRequestHandler [classpath [META-INF/resources/], classpath [resources/], classpath [static/], classpath [public/], ServletContext [/]]
2026-05-15T17:27:17.618+05:30 DEBUG 16192 --- [nio-8090-exec-4] o.s.web.servlet.DispatcherServlet        : GET "/images/Paris.png", parameters={}
2026-05-15T17:27:17.620+05:30 DEBUG 16192 --- [nio-8090-exec-4] o.s.w.s.handler.SimpleUrlHandlerMapping  : Mapped to ResourceHttpRequestHandler [classpath [META-INF/resources/], classpath [resources/], classpath [static/], classpath [public/], ServletContext [/]]
2026-05-15T17:27:17.624+05:30 DEBUG 16192 --- [nio-8090-exec-7] o.s.web.servlet.DispatcherServlet        : Completed 200 OK
2026-05-15T17:27:17.627+05:30 DEBUG 16192 --- [nio-8090-exec-7] o.s.web.servlet.DispatcherServlet        : GET "/images/London.png", parameters={}
2026-05-15T17:27:17.629+05:30 DEBUG 16192 --- [nio-8090-exec-7] o.s.w.s.handler.SimpleUrlHandlerMapping  : Mapped to ResourceHttpRequestHandler [classpath [META-INF/resources/], classpath [resources/], classpath [static/], classpath [public/], ServletContext [/]]
2026-05-15T17:27:17.675+05:30 DEBUG 16192 --- [nio-8090-exec-4] o.s.web.servlet.DispatcherServlet        : Completed 200 OK
2026-05-15T17:27:17.675+05:30 DEBUG 16192 --- [nio-8090-exec-2] o.s.web.servlet.DispatcherServlet        : Completed 200 OK
2026-05-15T17:27:17.677+05:30 DEBUG 16192 --- [nio-8090-exec-6] o.s.web.servlet.DispatcherServlet        : GET "/images/Guangzhou.png", parameters={}
2026-05-15T17:27:17.685+05:30 DEBUG 16192 --- [nio-8090-exec-6] o.s.w.s.handler.SimpleUrlHandlerMapping  : Mapped to ResourceHttpRequestHandler [classpath [META-INF/resources/], classpath [resources/], classpath [static/], classpath [public/], ServletContext [/]]
2026-05-15T17:27:17.705+05:30 DEBUG 16192 --- [nio-8090-exec-2] o.s.web.servlet.DispatcherServlet        : GET "/images/Plane.png", parameters={}
2026-05-15T17:27:17.706+05:30 DEBUG 16192 --- [nio-8090-exec-2] o.s.w.s.handler.SimpleUrlHandlerMapping  : Mapped to ResourceHttpRequestHandler [classpath [META-INF/resources/], classpath [resources/], classpath [static/], classpath [public/], ServletContext [/]]
2026-05-15T17:27:17.718+05:30 DEBUG 16192 --- [nio-8090-exec-2] o.s.web.servlet.DispatcherServlet        : Completed 200 OK
2026-05-15T17:27:17.720+05:30 DEBUG 16192 --- [nio-8090-exec-2] o.s.web.servlet.DispatcherServlet        : GET "/images/Baggage.png", parameters={}
2026-05-15T17:27:17.721+05:30 DEBUG 16192 --- [nio-8090-exec-2] o.s.w.s.handler.SimpleUrlHandlerMapping  : Mapped to ResourceHttpRequestHandler [classpath [META-INF/resources/], classpath [resources/], classpath [static/], classpath [public/], ServletContext [/]]
2026-05-15T17:27:17.728+05:30 DEBUG 16192 --- [nio-8090-exec-7] o.s.web.servlet.DispatcherServlet        : Completed 200 OK
2026-05-15T17:27:17.766+05:30 DEBUG 16192 --- [nio-8090-exec-2] o.s.web.servlet.DispatcherServlet        : Completed 200 OK
2026-05-15T17:27:17.770+05:30 DEBUG 16192 --- [nio-8090-exec-7] o.s.web.servlet.DispatcherServlet        : GET "/images/Ticket.png", parameters={}
2026-05-15T17:27:17.771+05:30 DEBUG 16192 --- [nio-8090-exec-7] o.s.w.s.handler.SimpleUrlHandlerMapping  : Mapped to ResourceHttpRequestHandler [classpath [META-INF/resources/], classpath [resources/], classpath [static/], classpath [public/], ServletContext [/]]
2026-05-15T17:27:17.778+05:30 DEBUG 16192 --- [nio-8090-exec-9] o.s.web.servlet.DispatcherServlet        : GET "/images/ContactUs.png", parameters={}
2026-05-15T17:27:17.782+05:30 DEBUG 16192 --- [nio-8090-exec-9] o.s.w.s.handler.SimpleUrlHandlerMapping  : Mapped to ResourceHttpRequestHandler [classpath [META-INF/resources/], classpath [resources/], classpath [static/], classpath [public/], ServletContext [/]]
2026-05-15T17:27:17.787+05:30 DEBUG 16192 --- [nio-8090-exec-9] o.s.web.servlet.DispatcherServlet        : Completed 200 OK
2026-05-15T17:27:17.900+05:30 DEBUG 16192 --- [nio-8090-exec-7] o.s.web.servlet.DispatcherServlet        : Completed 200 OK
2026-05-15T17:27:17.962+05:30 DEBUG 16192 --- [nio-8090-exec-6] o.s.web.servlet.DispatcherServlet        : Completed 200 OK
2026-05-15T17:27:17.981+05:30 DEBUG 16192 --- [nio-8090-exec-5] o.s.web.servlet.DispatcherServlet        : Completed 200 OK
2026-05-15T17:27:17.990+05:30 DEBUG 16192 --- [nio-8090-exec-3] o.s.web.servlet.DispatcherServlet        : Completed 200 OK
2026-05-15T17:27:18.017+05:30 DEBUG 16192 --- [nio-8090-exec-1] o.s.web.servlet.DispatcherServlet        : Completed 200 OK
2026-05-15T17:27:53.056+05:30 DEBUG 16192 --- [nio-8090-exec-2] o.s.web.servlet.DispatcherServlet        : GET "/api/v1/auth/index", parameters={}
2026-05-15T17:27:53.058+05:30 DEBUG 16192 --- [nio-8090-exec-2] s.w.s.m.m.a.RequestMappingHandlerMapping : Mapped to com.jkshian.arms.controller.AuthenticationController#index(Model, Authentication, HttpServletRequest)
2026-05-15T17:27:53.060+05:30 DEBUG 16192 --- [nio-8090-exec-2] o.s.w.s.v.ContentNegotiatingViewResolver : Selected 'text/html' given [text/html, application/xhtml+xml, image/avif, image/webp, image/apng, application/xml;q=0.9, */*;q=0.8, application/signed-exchange;v=b3;q=0.7]
2026-05-15T17:27:53.087+05:30 DEBUG 16192 --- [nio-8090-exec-2] o.s.web.servlet.DispatcherServlet        : Completed 200 OK
2026-05-15T17:27:53.140+05:30 DEBUG 16192 --- [nio-8090-exec-9] o.s.web.servlet.DispatcherServlet        : GET "/css/wingway-index.css", parameters={}
2026-05-15T17:27:53.141+05:30 DEBUG 16192 --- [nio-8090-exec-7] o.s.web.servlet.DispatcherServlet        : GET "/images/HeroSection.png", parameters={}
2026-05-15T17:27:53.144+05:30 DEBUG 16192 --- [nio-8090-exec-6] o.s.web.servlet.DispatcherServlet        : GET "/images/Jaipur.png", parameters={}
2026-05-15T17:27:53.147+05:30 DEBUG 16192 --- [nio-8090-exec-6] o.s.w.s.handler.SimpleUrlHandlerMapping  : Mapped to ResourceHttpRequestHandler [classpath [META-INF/resources/], classpath [resources/], classpath [static/], classpath [public/], ServletContext [/]]
2026-05-15T17:27:53.146+05:30 DEBUG 16192 --- [nio-8090-exec-7] o.s.w.s.handler.SimpleUrlHandlerMapping  : Mapped to ResourceHttpRequestHandler [classpath [META-INF/resources/], classpath [resources/], classpath [static/], classpath [public/], ServletContext [/]]
2026-05-15T17:27:53.147+05:30 DEBUG 16192 --- [nio-8090-exec-9] o.s.w.s.handler.SimpleUrlHandlerMapping  : Mapped to ResourceHttpRequestHandler [classpath [META-INF/resources/], classpath [resources/], classpath [static/], classpath [public/], ServletContext [/]]
2026-05-15T17:27:53.155+05:30 DEBUG 16192 --- [nio-8090-exec-5] o.s.web.servlet.DispatcherServlet        : GET "/images/Singapore.png", parameters={}
2026-05-15T17:27:53.155+05:30 DEBUG 16192 --- [nio-8090-exec-5] o.s.w.s.handler.SimpleUrlHandlerMapping  : Mapped to ResourceHttpRequestHandler [classpath [META-INF/resources/], classpath [resources/], classpath [static/], classpath [public/], ServletContext [/]]
2026-05-15T17:27:53.158+05:30 DEBUG 16192 --- [nio-8090-exec-3] o.s.web.servlet.DispatcherServlet        : GET "/images/Phuket.png", parameters={}
2026-05-15T17:27:53.159+05:30 DEBUG 16192 --- [nio-8090-exec-3] o.s.w.s.handler.SimpleUrlHandlerMapping  : Mapped to ResourceHttpRequestHandler [classpath [META-INF/resources/], classpath [resources/], classpath [static/], classpath [public/], ServletContext [/]]
2026-05-15T17:27:53.159+05:30 DEBUG 16192 --- [nio-8090-exec-1] o.s.web.servlet.DispatcherServlet        : GET "/images/Goa.png", parameters={}
2026-05-15T17:27:53.160+05:30 DEBUG 16192 --- [nio-8090-exec-1] o.s.w.s.handler.SimpleUrlHandlerMapping  : Mapped to ResourceHttpRequestHandler [classpath [META-INF/resources/], classpath [resources/], classpath [static/], classpath [public/], ServletContext [/]]
2026-05-15T17:27:53.164+05:30 DEBUG 16192 --- [nio-8090-exec-9] o.s.web.servlet.DispatcherServlet        : Completed 200 OK
2026-05-15T17:27:53.171+05:30 DEBUG 16192 --- [nio-8090-exec-8] o.s.web.servlet.DispatcherServlet        : GET "/js/auth.js", parameters={}
2026-05-15T17:27:53.173+05:30 DEBUG 16192 --- [nio-8090-exec-8] o.s.w.s.handler.SimpleUrlHandlerMapping  : Mapped to ResourceHttpRequestHandler [classpath [META-INF/resources/], classpath [resources/], classpath [static/], classpath [public/], ServletContext [/]]
2026-05-15T17:27:53.182+05:30 DEBUG 16192 --- [nio-8090-exec-8] o.s.web.servlet.DispatcherServlet        : Completed 200 OK
2026-05-15T17:27:53.186+05:30 DEBUG 16192 --- [nio-8090-exec-3] o.s.web.servlet.DispatcherServlet        : Completed 200 OK
2026-05-15T17:27:53.193+05:30 DEBUG 16192 --- [io-8090-exec-10] o.s.web.servlet.DispatcherServlet        : GET "/images/Hanoi.png", parameters={}
2026-05-15T17:27:53.193+05:30 DEBUG 16192 --- [io-8090-exec-10] o.s.w.s.handler.SimpleUrlHandlerMapping  : Mapped to ResourceHttpRequestHandler [classpath [META-INF/resources/], classpath [resources/], classpath [static/], classpath [public/], ServletContext [/]]
2026-05-15T17:27:53.198+05:30 DEBUG 16192 --- [nio-8090-exec-4] o.s.web.servlet.DispatcherServlet        : GET "/images/Baku.png", parameters={}
2026-05-15T17:27:53.201+05:30 DEBUG 16192 --- [nio-8090-exec-4] o.s.w.s.handler.SimpleUrlHandlerMapping  : Mapped to ResourceHttpRequestHandler [classpath [META-INF/resources/], classpath [resources/], classpath [static/], classpath [public/], ServletContext [/]]
2026-05-15T17:27:53.206+05:30 DEBUG 16192 --- [nio-8090-exec-7] o.s.web.servlet.DispatcherServlet        : Completed 200 OK
2026-05-15T17:27:53.214+05:30 DEBUG 16192 --- [nio-8090-exec-2] o.s.web.servlet.DispatcherServlet        : GET "/images/Dubai.png", parameters={}
2026-05-15T17:27:53.216+05:30 DEBUG 16192 --- [nio-8090-exec-2] o.s.w.s.handler.SimpleUrlHandlerMapping  : Mapped to ResourceHttpRequestHandler [classpath [META-INF/resources/], classpath [resources/], classpath [static/], classpath [public/], ServletContext [/]]
2026-05-15T17:27:53.223+05:30 DEBUG 16192 --- [nio-8090-exec-1] o.s.web.servlet.DispatcherServlet        : Completed 200 OK
2026-05-15T17:27:53.254+05:30 DEBUG 16192 --- [nio-8090-exec-2] o.s.web.servlet.DispatcherServlet        : Completed 200 OK
2026-05-15T17:27:53.257+05:30 DEBUG 16192 --- [nio-8090-exec-9] o.s.web.servlet.DispatcherServlet        : GET "/images/Delhi.png", parameters={}
2026-05-15T17:27:53.258+05:30 DEBUG 16192 --- [nio-8090-exec-9] o.s.w.s.handler.SimpleUrlHandlerMapping  : Mapped to ResourceHttpRequestHandler [classpath [META-INF/resources/], classpath [resources/], classpath [static/], classpath [public/], ServletContext [/]]
2026-05-15T17:27:53.271+05:30 DEBUG 16192 --- [nio-8090-exec-9] o.s.web.servlet.DispatcherServlet        : Completed 200 OK
2026-05-15T17:27:53.273+05:30 DEBUG 16192 --- [nio-8090-exec-8] o.s.web.servlet.DispatcherServlet        : GET "/images/Amsterdam.png", parameters={}
2026-05-15T17:27:53.274+05:30 DEBUG 16192 --- [nio-8090-exec-8] o.s.w.s.handler.SimpleUrlHandlerMapping  : Mapped to ResourceHttpRequestHandler [classpath [META-INF/resources/], classpath [resources/], classpath [static/], classpath [public/], ServletContext [/]]
2026-05-15T17:27:53.306+05:30 DEBUG 16192 --- [nio-8090-exec-3] o.s.web.servlet.DispatcherServlet        : GET "/images/Agra.png", parameters={}
2026-05-15T17:27:53.310+05:30 DEBUG 16192 --- [io-8090-exec-10] o.s.web.servlet.DispatcherServlet        : Completed 200 OK
2026-05-15T17:27:53.314+05:30 DEBUG 16192 --- [nio-8090-exec-3] o.s.w.s.handler.SimpleUrlHandlerMapping  : Mapped to ResourceHttpRequestHandler [classpath [META-INF/resources/], classpath [resources/], classpath [static/], classpath [public/], ServletContext [/]]
2026-05-15T17:27:53.322+05:30 DEBUG 16192 --- [nio-8090-exec-8] o.s.web.servlet.DispatcherServlet        : Completed 200 OK
2026-05-15T17:27:53.324+05:30 DEBUG 16192 --- [nio-8090-exec-8] o.s.web.servlet.DispatcherServlet        : GET "/images/Bangkok.png", parameters={}
2026-05-15T17:27:53.324+05:30 DEBUG 16192 --- [nio-8090-exec-8] o.s.w.s.handler.SimpleUrlHandlerMapping  : Mapped to ResourceHttpRequestHandler [classpath [META-INF/resources/], classpath [resources/], classpath [static/], classpath [public/], ServletContext [/]]
2026-05-15T17:27:53.317+05:30 DEBUG 16192 --- [io-8090-exec-10] o.s.web.servlet.DispatcherServlet        : GET "/images/Paris.png", parameters={}
2026-05-15T17:27:53.326+05:30 DEBUG 16192 --- [io-8090-exec-10] o.s.w.s.handler.SimpleUrlHandlerMapping  : Mapped to ResourceHttpRequestHandler [classpath [META-INF/resources/], classpath [resources/], classpath [static/], classpath [public/], ServletContext [/]]
2026-05-15T17:27:53.409+05:30 DEBUG 16192 --- [nio-8090-exec-3] o.s.web.servlet.DispatcherServlet        : Completed 200 OK
2026-05-15T17:27:53.412+05:30 DEBUG 16192 --- [io-8090-exec-10] o.s.web.servlet.DispatcherServlet        : Completed 200 OK
2026-05-15T17:27:53.420+05:30 DEBUG 16192 --- [nio-8090-exec-7] o.s.web.servlet.DispatcherServlet        : GET "/images/London.png", parameters={}
2026-05-15T17:27:53.420+05:30 DEBUG 16192 --- [nio-8090-exec-7] o.s.w.s.handler.SimpleUrlHandlerMapping  : Mapped to ResourceHttpRequestHandler [classpath [META-INF/resources/], classpath [resources/], classpath [static/], classpath [public/], ServletContext [/]]
2026-05-15T17:27:53.422+05:30 DEBUG 16192 --- [nio-8090-exec-1] o.s.web.servlet.DispatcherServlet        : GET "/images/Guangzhou.png", parameters={}
2026-05-15T17:27:53.423+05:30 DEBUG 16192 --- [nio-8090-exec-1] o.s.w.s.handler.SimpleUrlHandlerMapping  : Mapped to ResourceHttpRequestHandler [classpath [META-INF/resources/], classpath [resources/], classpath [static/], classpath [public/], ServletContext [/]]
2026-05-15T17:27:53.439+05:30 DEBUG 16192 --- [nio-8090-exec-4] o.s.web.servlet.DispatcherServlet        : Completed 200 OK
2026-05-15T17:27:53.442+05:30 DEBUG 16192 --- [nio-8090-exec-2] o.s.web.servlet.DispatcherServlet        : GET "/images/Plane.png", parameters={}
2026-05-15T17:27:53.443+05:30 DEBUG 16192 --- [nio-8090-exec-2] o.s.w.s.handler.SimpleUrlHandlerMapping  : Mapped to ResourceHttpRequestHandler [classpath [META-INF/resources/], classpath [resources/], classpath [static/], classpath [public/], ServletContext [/]]
2026-05-15T17:27:53.457+05:30 DEBUG 16192 --- [nio-8090-exec-2] o.s.web.servlet.DispatcherServlet        : Completed 200 OK
2026-05-15T17:27:53.464+05:30 DEBUG 16192 --- [nio-8090-exec-2] o.s.web.servlet.DispatcherServlet        : GET "/images/Baggage.png", parameters={}
2026-05-15T17:27:53.465+05:30 DEBUG 16192 --- [nio-8090-exec-2] o.s.w.s.handler.SimpleUrlHandlerMapping  : Mapped to ResourceHttpRequestHandler [classpath [META-INF/resources/], classpath [resources/], classpath [static/], classpath [public/], ServletContext [/]]
2026-05-15T17:27:53.471+05:30 DEBUG 16192 --- [nio-8090-exec-7] o.s.web.servlet.DispatcherServlet        : Completed 200 OK
2026-05-15T17:27:53.474+05:30 DEBUG 16192 --- [nio-8090-exec-9] o.s.web.servlet.DispatcherServlet        : GET "/images/Ticket.png", parameters={}
2026-05-15T17:27:53.476+05:30 DEBUG 16192 --- [nio-8090-exec-9] o.s.w.s.handler.SimpleUrlHandlerMapping  : Mapped to ResourceHttpRequestHandler [classpath [META-INF/resources/], classpath [resources/], classpath [static/], classpath [public/], ServletContext [/]]
2026-05-15T17:27:53.488+05:30 DEBUG 16192 --- [nio-8090-exec-2] o.s.web.servlet.DispatcherServlet        : Completed 200 OK
2026-05-15T17:27:53.492+05:30 DEBUG 16192 --- [nio-8090-exec-3] o.s.web.servlet.DispatcherServlet        : GET "/images/ContactUs.png", parameters={}
2026-05-15T17:27:53.493+05:30 DEBUG 16192 --- [nio-8090-exec-3] o.s.w.s.handler.SimpleUrlHandlerMapping  : Mapped to ResourceHttpRequestHandler [classpath [META-INF/resources/], classpath [resources/], classpath [static/], classpath [public/], ServletContext [/]]
2026-05-15T17:27:53.554+05:30 DEBUG 16192 --- [nio-8090-exec-3] o.s.web.servlet.DispatcherServlet        : Completed 200 OK
2026-05-15T17:27:53.643+05:30 DEBUG 16192 --- [nio-8090-exec-9] o.s.web.servlet.DispatcherServlet        : Completed 200 OK
2026-05-15T17:27:53.812+05:30 DEBUG 16192 --- [nio-8090-exec-1] o.s.web.servlet.DispatcherServlet        : Completed 200 OK
2026-05-15T17:27:53.813+05:30 DEBUG 16192 --- [nio-8090-exec-8] o.s.web.servlet.DispatcherServlet        : Completed 200 OK
2026-05-15T17:27:53.837+05:30 DEBUG 16192 --- [nio-8090-exec-5] o.s.web.servlet.DispatcherServlet        : Completed 200 OK
2026-05-15T17:27:53.880+05:30 DEBUG 16192 --- [nio-8090-exec-6] o.s.web.servlet.DispatcherServlet        : Completed 200 OK
2026-05-15T17:29:28.520+05:30 DEBUG 16192 --- [nio-8090-exec-8] org.hibernate.SQL                        : select u1_0.id,u1_0.email,u1_0.first_name,u1_0.last_name,u1_0.password,u1_0.role from user u1_0 where u1_0.email=?
Hibernate: select u1_0.id,u1_0.email,u1_0.first_name,u1_0.last_name,u1_0.password,u1_0.role from user u1_0 where u1_0.email=?
2026-05-15T17:29:28.863+05:30 DEBUG 16192 --- [nio-8090-exec-8] o.s.web.servlet.DispatcherServlet        : GET "/api/v1/auth/index", parameters={}
2026-05-15T17:29:28.870+05:30 DEBUG 16192 --- [nio-8090-exec-8] s.w.s.m.m.a.RequestMappingHandlerMapping : Mapped to com.jkshian.arms.controller.AuthenticationController#index(Model, Authentication, HttpServletRequest)
2026-05-15T17:29:28.916+05:30 DEBUG 16192 --- [nio-8090-exec-8] o.s.w.s.v.ContentNegotiatingViewResolver : Selected 'text/html' given [text/html, application/xhtml+xml, image/avif, image/webp, image/apng, application/xml;q=0.9, */*;q=0.8, application/signed-exchange;v=b3;q=0.7]
2026-05-15T17:29:28.975+05:30 DEBUG 16192 --- [nio-8090-exec-8] o.s.web.servlet.DispatcherServlet        : Completed 200 OK
2026-05-15T17:29:29.045+05:30 DEBUG 16192 --- [io-8090-exec-10] org.hibernate.SQL                        : select u1_0.id,u1_0.email,u1_0.first_name,u1_0.last_name,u1_0.password,u1_0.role from user u1_0 where u1_0.email=?
Hibernate: select u1_0.id,u1_0.email,u1_0.first_name,u1_0.last_name,u1_0.password,u1_0.role from user u1_0 where u1_0.email=?
2026-05-15T17:29:29.045+05:30 DEBUG 16192 --- [nio-8090-exec-6] org.hibernate.SQL                        : select u1_0.id,u1_0.email,u1_0.first_name,u1_0.last_name,u1_0.password,u1_0.role from user u1_0 where u1_0.email=?
Hibernate: select u1_0.id,u1_0.email,u1_0.first_name,u1_0.last_name,u1_0.password,u1_0.role from user u1_0 where u1_0.email=?
2026-05-15T17:29:29.050+05:30 DEBUG 16192 --- [nio-8090-exec-5] org.hibernate.SQL                        : select u1_0.id,u1_0.email,u1_0.first_name,u1_0.last_name,u1_0.password,u1_0.role from user u1_0 where u1_0.email=?
Hibernate: select u1_0.id,u1_0.email,u1_0.first_name,u1_0.last_name,u1_0.password,u1_0.role from user u1_0 where u1_0.email=?
2026-05-15T17:29:29.071+05:30 DEBUG 16192 --- [nio-8090-exec-6] o.s.web.servlet.DispatcherServlet        : GET "/images/HeroSection.png", parameters={}
2026-05-15T17:29:29.071+05:30 DEBUG 16192 --- [nio-8090-exec-5] o.s.web.servlet.DispatcherServlet        : GET "/css/wingway-index.css", parameters={}
2026-05-15T17:29:29.074+05:30 DEBUG 16192 --- [io-8090-exec-10] o.s.web.servlet.DispatcherServlet        : GET "/images/Jaipur.png", parameters={}
2026-05-15T17:29:29.075+05:30 DEBUG 16192 --- [nio-8090-exec-6] o.s.w.s.handler.SimpleUrlHandlerMapping  : Mapped to ResourceHttpRequestHandler [classpath [META-INF/resources/], classpath [resources/], classpath [static/], classpath [public/], ServletContext [/]]
2026-05-15T17:29:29.075+05:30 DEBUG 16192 --- [nio-8090-exec-5] o.s.w.s.handler.SimpleUrlHandlerMapping  : Mapped to ResourceHttpRequestHandler [classpath [META-INF/resources/], classpath [resources/], classpath [static/], classpath [public/], ServletContext [/]]
2026-05-15T17:29:29.075+05:30 DEBUG 16192 --- [io-8090-exec-10] o.s.w.s.handler.SimpleUrlHandlerMapping  : Mapped to ResourceHttpRequestHandler [classpath [META-INF/resources/], classpath [resources/], classpath [static/], classpath [public/], ServletContext [/]]
2026-05-15T17:29:29.150+05:30 DEBUG 16192 --- [nio-8090-exec-7] org.hibernate.SQL                        : select u1_0.id,u1_0.email,u1_0.first_name,u1_0.last_name,u1_0.password,u1_0.role from user u1_0 where u1_0.email=?
Hibernate: select u1_0.id,u1_0.email,u1_0.first_name,u1_0.last_name,u1_0.password,u1_0.role from user u1_0 where u1_0.email=?
2026-05-15T17:29:29.160+05:30 DEBUG 16192 --- [nio-8090-exec-1] org.hibernate.SQL                        : select u1_0.id,u1_0.email,u1_0.first_name,u1_0.last_name,u1_0.password,u1_0.role from user u1_0 where u1_0.email=?
2026-05-15T17:29:29.162+05:30 DEBUG 16192 --- [nio-8090-exec-7] o.s.web.servlet.DispatcherServlet        : GET "/images/Singapore.png", parameters={}
Hibernate: select u1_0.id,u1_0.email,u1_0.first_name,u1_0.last_name,u1_0.password,u1_0.role from user u1_0 where u1_0.email=?
2026-05-15T17:29:29.160+05:30 DEBUG 16192 --- [nio-8090-exec-3] org.hibernate.SQL                        : select u1_0.id,u1_0.email,u1_0.first_name,u1_0.last_name,u1_0.password,u1_0.role from user u1_0 where u1_0.email=?
Hibernate: select u1_0.id,u1_0.email,u1_0.first_name,u1_0.last_name,u1_0.password,u1_0.role from user u1_0 where u1_0.email=?
2026-05-15T17:29:29.167+05:30 DEBUG 16192 --- [nio-8090-exec-7] o.s.w.s.handler.SimpleUrlHandlerMapping  : Mapped to ResourceHttpRequestHandler [classpath [META-INF/resources/], classpath [resources/], classpath [static/], classpath [public/], ServletContext [/]]
2026-05-15T17:29:29.172+05:30 DEBUG 16192 --- [nio-8090-exec-1] o.s.web.servlet.DispatcherServlet        : GET "/images/Phuket.png", parameters={}
2026-05-15T17:29:29.172+05:30 DEBUG 16192 --- [nio-8090-exec-3] o.s.web.servlet.DispatcherServlet        : GET "/images/Goa.png", parameters={}
2026-05-15T17:29:29.172+05:30 DEBUG 16192 --- [nio-8090-exec-3] o.s.w.s.handler.SimpleUrlHandlerMapping  : Mapped to ResourceHttpRequestHandler [classpath [META-INF/resources/], classpath [resources/], classpath [static/], classpath [public/], ServletContext [/]]
2026-05-15T17:29:29.172+05:30 DEBUG 16192 --- [nio-8090-exec-1] o.s.w.s.handler.SimpleUrlHandlerMapping  : Mapped to ResourceHttpRequestHandler [classpath [META-INF/resources/], classpath [resources/], classpath [static/], classpath [public/], ServletContext [/]]
2026-05-15T17:29:29.239+05:30 DEBUG 16192 --- [nio-8090-exec-5] o.s.web.servlet.DispatcherServlet        : Completed 200 OK
2026-05-15T17:29:29.250+05:30 DEBUG 16192 --- [nio-8090-exec-1] o.s.web.servlet.DispatcherServlet        : Completed 200 OK
2026-05-15T17:29:29.266+05:30 DEBUG 16192 --- [nio-8090-exec-5] org.hibernate.SQL                        : select u1_0.id,u1_0.email,u1_0.first_name,u1_0.last_name,u1_0.password,u1_0.role from user u1_0 where u1_0.email=?
Hibernate: select u1_0.id,u1_0.email,u1_0.first_name,u1_0.last_name,u1_0.password,u1_0.role from user u1_0 where u1_0.email=?
2026-05-15T17:29:29.287+05:30 DEBUG 16192 --- [nio-8090-exec-1] org.hibernate.SQL                        : select u1_0.id,u1_0.email,u1_0.first_name,u1_0.last_name,u1_0.password,u1_0.role from user u1_0 where u1_0.email=?
Hibernate: select u1_0.id,u1_0.email,u1_0.first_name,u1_0.last_name,u1_0.password,u1_0.role from user u1_0 where u1_0.email=?
2026-05-15T17:29:29.291+05:30 DEBUG 16192 --- [nio-8090-exec-5] o.s.web.servlet.DispatcherServlet        : GET "/js/auth.js", parameters={}
2026-05-15T17:29:29.291+05:30 DEBUG 16192 --- [nio-8090-exec-5] o.s.w.s.handler.SimpleUrlHandlerMapping  : Mapped to ResourceHttpRequestHandler [classpath [META-INF/resources/], classpath [resources/], classpath [static/], classpath [public/], ServletContext [/]]
2026-05-15T17:29:29.293+05:30 DEBUG 16192 --- [nio-8090-exec-1] o.s.web.servlet.DispatcherServlet        : GET "/images/Hanoi.png", parameters={}
2026-05-15T17:29:29.295+05:30 DEBUG 16192 --- [nio-8090-exec-1] o.s.w.s.handler.SimpleUrlHandlerMapping  : Mapped to ResourceHttpRequestHandler [classpath [META-INF/resources/], classpath [resources/], classpath [static/], classpath [public/], ServletContext [/]]
2026-05-15T17:29:29.300+05:30 DEBUG 16192 --- [nio-8090-exec-5] o.s.web.servlet.DispatcherServlet        : Completed 200 OK
2026-05-15T17:29:29.339+05:30 DEBUG 16192 --- [nio-8090-exec-6] o.s.web.servlet.DispatcherServlet        : Completed 200 OK
2026-05-15T17:29:29.351+05:30 DEBUG 16192 --- [nio-8090-exec-9] org.hibernate.SQL                        : select u1_0.id,u1_0.email,u1_0.first_name,u1_0.last_name,u1_0.password,u1_0.role from user u1_0 where u1_0.email=?
Hibernate: select u1_0.id,u1_0.email,u1_0.first_name,u1_0.last_name,u1_0.password,u1_0.role from user u1_0 where u1_0.email=?
2026-05-15T17:29:29.359+05:30 DEBUG 16192 --- [nio-8090-exec-9] o.s.web.servlet.DispatcherServlet        : GET "/images/Baku.png", parameters={}
2026-05-15T17:29:29.408+05:30 DEBUG 16192 --- [nio-8090-exec-6] org.hibernate.SQL                        : select u1_0.id,u1_0.email,u1_0.first_name,u1_0.last_name,u1_0.password,u1_0.role from user u1_0 where u1_0.email=?
Hibernate: select u1_0.id,u1_0.email,u1_0.first_name,u1_0.last_name,u1_0.password,u1_0.role from user u1_0 where u1_0.email=?
2026-05-15T17:29:29.410+05:30 DEBUG 16192 --- [nio-8090-exec-9] o.s.w.s.handler.SimpleUrlHandlerMapping  : Mapped to ResourceHttpRequestHandler [classpath [META-INF/resources/], classpath [resources/], classpath [static/], classpath [public/], ServletContext [/]]
2026-05-15T17:29:29.423+05:30 DEBUG 16192 --- [nio-8090-exec-6] o.s.web.servlet.DispatcherServlet        : GET "/images/Dubai.png", parameters={}
2026-05-15T17:29:29.423+05:30 DEBUG 16192 --- [nio-8090-exec-6] o.s.w.s.handler.SimpleUrlHandlerMapping  : Mapped to ResourceHttpRequestHandler [classpath [META-INF/resources/], classpath [resources/], classpath [static/], classpath [public/], ServletContext [/]]
2026-05-15T17:29:29.433+05:30 DEBUG 16192 --- [nio-8090-exec-3] o.s.web.servlet.DispatcherServlet        : Completed 200 OK
2026-05-15T17:29:29.503+05:30 DEBUG 16192 --- [nio-8090-exec-3] org.hibernate.SQL                        : select u1_0.id,u1_0.email,u1_0.first_name,u1_0.last_name,u1_0.password,u1_0.role from user u1_0 where u1_0.email=?
Hibernate: select u1_0.id,u1_0.email,u1_0.first_name,u1_0.last_name,u1_0.password,u1_0.role from user u1_0 where u1_0.email=?
2026-05-15T17:29:29.509+05:30 DEBUG 16192 --- [nio-8090-exec-3] o.s.web.servlet.DispatcherServlet        : GET "/images/Delhi.png", parameters={}
2026-05-15T17:29:29.510+05:30 DEBUG 16192 --- [nio-8090-exec-3] o.s.w.s.handler.SimpleUrlHandlerMapping  : Mapped to ResourceHttpRequestHandler [classpath [META-INF/resources/], classpath [resources/], classpath [static/], classpath [public/], ServletContext [/]]
2026-05-15T17:29:29.560+05:30 DEBUG 16192 --- [nio-8090-exec-3] o.s.web.servlet.DispatcherServlet        : Completed 200 OK
2026-05-15T17:29:29.598+05:30 DEBUG 16192 --- [nio-8090-exec-6] o.s.web.servlet.DispatcherServlet        : Completed 200 OK
2026-05-15T17:29:29.601+05:30 DEBUG 16192 --- [nio-8090-exec-3] org.hibernate.SQL                        : select u1_0.id,u1_0.email,u1_0.first_name,u1_0.last_name,u1_0.password,u1_0.role from user u1_0 where u1_0.email=?
Hibernate: select u1_0.id,u1_0.email,u1_0.first_name,u1_0.last_name,u1_0.password,u1_0.role from user u1_0 where u1_0.email=?
2026-05-15T17:29:29.618+05:30 DEBUG 16192 --- [nio-8090-exec-3] o.s.web.servlet.DispatcherServlet        : GET "/images/Amsterdam.png", parameters={}
2026-05-15T17:29:29.619+05:30 DEBUG 16192 --- [nio-8090-exec-3] o.s.w.s.handler.SimpleUrlHandlerMapping  : Mapped to ResourceHttpRequestHandler [classpath [META-INF/resources/], classpath [resources/], classpath [static/], classpath [public/], ServletContext [/]]
2026-05-15T17:29:29.639+05:30 DEBUG 16192 --- [nio-8090-exec-1] o.s.web.servlet.DispatcherServlet        : Completed 200 OK
2026-05-15T17:29:29.633+05:30 DEBUG 16192 --- [nio-8090-exec-6] org.hibernate.SQL                        : select u1_0.id,u1_0.email,u1_0.first_name,u1_0.last_name,u1_0.password,u1_0.role from user u1_0 where u1_0.email=?
Hibernate: select u1_0.id,u1_0.email,u1_0.first_name,u1_0.last_name,u1_0.password,u1_0.role from user u1_0 where u1_0.email=?
2026-05-15T17:29:29.651+05:30 DEBUG 16192 --- [nio-8090-exec-6] o.s.web.servlet.DispatcherServlet        : GET "/images/Agra.png", parameters={}
2026-05-15T17:29:29.652+05:30 DEBUG 16192 --- [nio-8090-exec-6] o.s.w.s.handler.SimpleUrlHandlerMapping  : Mapped to ResourceHttpRequestHandler [classpath [META-INF/resources/], classpath [resources/], classpath [static/], classpath [public/], ServletContext [/]]
2026-05-15T17:29:29.697+05:30 DEBUG 16192 --- [nio-8090-exec-6] o.s.web.servlet.DispatcherServlet        : Completed 200 OK
2026-05-15T17:29:29.702+05:30 DEBUG 16192 --- [nio-8090-exec-3] o.s.web.servlet.DispatcherServlet        : Completed 200 OK
2026-05-15T17:29:29.710+05:30 DEBUG 16192 --- [nio-8090-exec-2] org.hibernate.SQL                        : select u1_0.id,u1_0.email,u1_0.first_name,u1_0.last_name,u1_0.password,u1_0.role from user u1_0 where u1_0.email=?
Hibernate: select u1_0.id,u1_0.email,u1_0.first_name,u1_0.last_name,u1_0.password,u1_0.role from user u1_0 where u1_0.email=?
2026-05-15T17:29:29.718+05:30 DEBUG 16192 --- [nio-8090-exec-2] o.s.web.servlet.DispatcherServlet        : GET "/images/Paris.png", parameters={}
2026-05-15T17:29:29.721+05:30 DEBUG 16192 --- [nio-8090-exec-8] org.hibernate.SQL                        : select u1_0.id,u1_0.email,u1_0.first_name,u1_0.last_name,u1_0.password,u1_0.role from user u1_0 where u1_0.email=?
Hibernate: select u1_0.id,u1_0.email,u1_0.first_name,u1_0.last_name,u1_0.password,u1_0.role from user u1_0 where u1_0.email=?
2026-05-15T17:29:29.723+05:30 DEBUG 16192 --- [nio-8090-exec-2] o.s.w.s.handler.SimpleUrlHandlerMapping  : Mapped to ResourceHttpRequestHandler [classpath [META-INF/resources/], classpath [resources/], classpath [static/], classpath [public/], ServletContext [/]]
2026-05-15T17:29:29.727+05:30 DEBUG 16192 --- [nio-8090-exec-8] o.s.web.servlet.DispatcherServlet        : GET "/images/London.png", parameters={}
2026-05-15T17:29:29.730+05:30 DEBUG 16192 --- [nio-8090-exec-8] o.s.w.s.handler.SimpleUrlHandlerMapping  : Mapped to ResourceHttpRequestHandler [classpath [META-INF/resources/], classpath [resources/], classpath [static/], classpath [public/], ServletContext [/]]
2026-05-15T17:29:29.730+05:30 DEBUG 16192 --- [nio-8090-exec-4] org.hibernate.SQL                        : select u1_0.id,u1_0.email,u1_0.first_name,u1_0.last_name,u1_0.password,u1_0.role from user u1_0 where u1_0.email=?
Hibernate: select u1_0.id,u1_0.email,u1_0.first_name,u1_0.last_name,u1_0.password,u1_0.role from user u1_0 where u1_0.email=?
2026-05-15T17:29:29.737+05:30 DEBUG 16192 --- [nio-8090-exec-4] o.s.web.servlet.DispatcherServlet        : GET "/images/Bangkok.png", parameters={}
2026-05-15T17:29:29.755+05:30 DEBUG 16192 --- [nio-8090-exec-4] o.s.w.s.handler.SimpleUrlHandlerMapping  : Mapped to ResourceHttpRequestHandler [classpath [META-INF/resources/], classpath [resources/], classpath [static/], classpath [public/], ServletContext [/]]
2026-05-15T17:29:29.771+05:30 DEBUG 16192 --- [nio-8090-exec-2] o.s.web.servlet.DispatcherServlet        : Completed 200 OK
2026-05-15T17:29:29.794+05:30 DEBUG 16192 --- [nio-8090-exec-8] o.s.web.servlet.DispatcherServlet        : Completed 200 OK
2026-05-15T17:29:29.810+05:30 DEBUG 16192 --- [nio-8090-exec-2] org.hibernate.SQL                        : select u1_0.id,u1_0.email,u1_0.first_name,u1_0.last_name,u1_0.password,u1_0.role from user u1_0 where u1_0.email=?
Hibernate: select u1_0.id,u1_0.email,u1_0.first_name,u1_0.last_name,u1_0.password,u1_0.role from user u1_0 where u1_0.email=?
2026-05-15T17:29:29.825+05:30 DEBUG 16192 --- [nio-8090-exec-8] org.hibernate.SQL                        : select u1_0.id,u1_0.email,u1_0.first_name,u1_0.last_name,u1_0.password,u1_0.role from user u1_0 where u1_0.email=?
Hibernate: select u1_0.id,u1_0.email,u1_0.first_name,u1_0.last_name,u1_0.password,u1_0.role from user u1_0 where u1_0.email=?
2026-05-15T17:29:29.831+05:30 DEBUG 16192 --- [nio-8090-exec-2] o.s.web.servlet.DispatcherServlet        : GET "/images/Guangzhou.png", parameters={}
2026-05-15T17:29:29.832+05:30 DEBUG 16192 --- [nio-8090-exec-2] o.s.w.s.handler.SimpleUrlHandlerMapping  : Mapped to ResourceHttpRequestHandler [classpath [META-INF/resources/], classpath [resources/], classpath [static/], classpath [public/], ServletContext [/]]
2026-05-15T17:29:29.834+05:30 DEBUG 16192 --- [nio-8090-exec-8] o.s.web.servlet.DispatcherServlet        : GET "/images/Plane.png", parameters={}
2026-05-15T17:29:29.836+05:30 DEBUG 16192 --- [nio-8090-exec-8] o.s.w.s.handler.SimpleUrlHandlerMapping  : Mapped to ResourceHttpRequestHandler [classpath [META-INF/resources/], classpath [resources/], classpath [static/], classpath [public/], ServletContext [/]]
2026-05-15T17:29:29.837+05:30 DEBUG 16192 --- [nio-8090-exec-9] o.s.web.servlet.DispatcherServlet        : Completed 200 OK
2026-05-15T17:29:29.886+05:30 DEBUG 16192 --- [nio-8090-exec-9] org.hibernate.SQL                        : select u1_0.id,u1_0.email,u1_0.first_name,u1_0.last_name,u1_0.password,u1_0.role from user u1_0 where u1_0.email=?
Hibernate: select u1_0.id,u1_0.email,u1_0.first_name,u1_0.last_name,u1_0.password,u1_0.role from user u1_0 where u1_0.email=?
2026-05-15T17:29:29.893+05:30 DEBUG 16192 --- [nio-8090-exec-8] o.s.web.servlet.DispatcherServlet        : Completed 200 OK
2026-05-15T17:29:30.005+05:30 DEBUG 16192 --- [nio-8090-exec-5] org.hibernate.SQL                        : select u1_0.id,u1_0.email,u1_0.first_name,u1_0.last_name,u1_0.password,u1_0.role from user u1_0 where u1_0.email=?
Hibernate: select u1_0.id,u1_0.email,u1_0.first_name,u1_0.last_name,u1_0.password,u1_0.role from user u1_0 where u1_0.email=?
2026-05-15T17:29:30.049+05:30 DEBUG 16192 --- [nio-8090-exec-9] o.s.web.servlet.DispatcherServlet        : GET "/images/Baggage.png", parameters={}
2026-05-15T17:29:30.051+05:30 DEBUG 16192 --- [nio-8090-exec-9] o.s.w.s.handler.SimpleUrlHandlerMapping  : Mapped to ResourceHttpRequestHandler [classpath [META-INF/resources/], classpath [resources/], classpath [static/], classpath [public/], ServletContext [/]]
2026-05-15T17:29:30.088+05:30 DEBUG 16192 --- [nio-8090-exec-5] o.s.web.servlet.DispatcherServlet        : GET "/images/Ticket.png", parameters={}
2026-05-15T17:29:30.088+05:30 DEBUG 16192 --- [nio-8090-exec-5] o.s.w.s.handler.SimpleUrlHandlerMapping  : Mapped to ResourceHttpRequestHandler [classpath [META-INF/resources/], classpath [resources/], classpath [static/], classpath [public/], ServletContext [/]]
2026-05-15T17:29:30.348+05:30 DEBUG 16192 --- [nio-8090-exec-9] o.s.web.servlet.DispatcherServlet        : Completed 200 OK
2026-05-15T17:29:30.421+05:30 DEBUG 16192 --- [nio-8090-exec-9] org.hibernate.SQL                        : select u1_0.id,u1_0.email,u1_0.first_name,u1_0.last_name,u1_0.password,u1_0.role from user u1_0 where u1_0.email=?
Hibernate: select u1_0.id,u1_0.email,u1_0.first_name,u1_0.last_name,u1_0.password,u1_0.role from user u1_0 where u1_0.email=?
2026-05-15T17:29:30.446+05:30 DEBUG 16192 --- [nio-8090-exec-9] o.s.web.servlet.DispatcherServlet        : GET "/images/ContactUs.png", parameters={}
2026-05-15T17:29:30.490+05:30 DEBUG 16192 --- [nio-8090-exec-9] o.s.w.s.handler.SimpleUrlHandlerMapping  : Mapped to ResourceHttpRequestHandler [classpath [META-INF/resources/], classpath [resources/], classpath [static/], classpath [public/], ServletContext [/]]
2026-05-15T17:29:30.575+05:30 DEBUG 16192 --- [nio-8090-exec-9] o.s.web.servlet.DispatcherServlet        : Completed 200 OK
2026-05-15T17:29:30.653+05:30 DEBUG 16192 --- [nio-8090-exec-5] o.s.web.servlet.DispatcherServlet        : Completed 200 OK
2026-05-15T17:29:30.663+05:30 DEBUG 16192 --- [nio-8090-exec-7] o.s.web.servlet.DispatcherServlet        : Completed 200 OK
2026-05-15T17:29:30.724+05:30 DEBUG 16192 --- [nio-8090-exec-4] o.s.web.servlet.DispatcherServlet        : Completed 200 OK
2026-05-15T17:29:30.769+05:30 DEBUG 16192 --- [nio-8090-exec-2] o.s.web.servlet.DispatcherServlet        : Completed 200 OK
2026-05-15T17:29:30.841+05:30 DEBUG 16192 --- [io-8090-exec-10] o.s.web.servlet.DispatcherServlet        : Completed 200 OK
2026-05-15T17:29:30.897+05:30 DEBUG 16192 --- [nio-8090-exec-1] org.hibernate.SQL                        : select u1_0.id,u1_0.email,u1_0.first_name,u1_0.last_name,u1_0.password,u1_0.role from user u1_0 where u1_0.email=?
Hibernate: select u1_0.id,u1_0.email,u1_0.first_name,u1_0.last_name,u1_0.password,u1_0.role from user u1_0 where u1_0.email=?
2026-05-15T17:29:30.905+05:30 DEBUG 16192 --- [nio-8090-exec-1] o.s.web.servlet.DispatcherServlet        : GET "/favicon.ico", parameters={}
2026-05-15T17:29:30.916+05:30 DEBUG 16192 --- [nio-8090-exec-1] o.s.w.s.handler.SimpleUrlHandlerMapping  : Mapped to ResourceHttpRequestHandler [classpath [META-INF/resources/], classpath [resources/], classpath [static/], classpath [public/], ServletContext [/]]
2026-05-15T17:29:31.001+05:30 DEBUG 16192 --- [nio-8090-exec-1] o.s.w.s.r.ResourceHttpRequestHandler     : Resource not found
2026-05-15T17:29:31.065+05:30 DEBUG 16192 --- [nio-8090-exec-1] .w.s.m.s.DefaultHandlerExceptionResolver : Resolved [org.springframework.web.servlet.resource.NoResourceFoundException: No static resource favicon.ico.]
2026-05-15T17:29:31.065+05:30 DEBUG 16192 --- [nio-8090-exec-1] o.s.web.servlet.DispatcherServlet        : Completed 404 NOT_FOUND
2026-05-15T17:29:32.138+05:30 DEBUG 16192 --- [nio-8090-exec-6] org.hibernate.SQL                        : select u1_0.id,u1_0.email,u1_0.first_name,u1_0.last_name,u1_0.password,u1_0.role from user u1_0 where u1_0.email=?
Hibernate: select u1_0.id,u1_0.email,u1_0.first_name,u1_0.last_name,u1_0.password,u1_0.role from user u1_0 where u1_0.email=?
2026-05-15T17:29:32.152+05:30 DEBUG 16192 --- [nio-8090-exec-6] o.s.web.servlet.DispatcherServlet        : GET "/api/v1/demo-controller/user/my-bookings", parameters={}
2026-05-15T17:29:32.152+05:30 DEBUG 16192 --- [nio-8090-exec-6] s.w.s.m.m.a.RequestMappingHandlerMapping : Mapped to com.jkshian.arms.demo.DemoController#myBookings(Model, Authentication)
2026-05-15T17:29:32.186+05:30 DEBUG 16192 --- [nio-8090-exec-6] org.hibernate.SQL                        : select b1_0.id,b1_0.aircraft_model,b1_0.airline,b1_0.arrival_time,b1_0.b_end,b1_0.b_num_ofseat,b1_0.b_start,b1_0.booking_reference,b1_0.class_type,b1_0.departure_time,b1_0.flight_number,b1_0.price,b1_0.seat_numbers,b1_0.user_email from booking b1_0 where b1_0.user_email=? order by b1_0.id desc
Hibernate: select b1_0.id,b1_0.aircraft_model,b1_0.airline,b1_0.arrival_time,b1_0.b_end,b1_0.b_num_ofseat,b1_0.b_start,b1_0.booking_reference,b1_0.class_type,b1_0.departure_time,b1_0.flight_number,b1_0.price,b1_0.seat_numbers,b1_0.user_email from booking b1_0 where b1_0.user_email=? order by b1_0.id desc
2026-05-15T17:29:32.230+05:30 DEBUG 16192 --- [nio-8090-exec-6] o.s.w.s.v.ContentNegotiatingViewResolver : Selected 'text/html' given [text/html, application/xhtml+xml, image/avif, image/webp, image/apng, application/xml;q=0.9, */*;q=0.8, application/signed-exchange;v=b3;q=0.7]
2026-05-15T17:29:32.267+05:30 DEBUG 16192 --- [nio-8090-exec-6] o.s.web.servlet.DispatcherServlet        : Completed 200 OK
2026-05-15T17:29:32.302+05:30 DEBUG 16192 --- [nio-8090-exec-3] org.hibernate.SQL                        : select u1_0.id,u1_0.email,u1_0.first_name,u1_0.last_name,u1_0.password,u1_0.role from user u1_0 where u1_0.email=?
2026-05-15T17:29:32.303+05:30 DEBUG 16192 --- [nio-8090-exec-8] org.hibernate.SQL                        : select u1_0.id,u1_0.email,u1_0.first_name,u1_0.last_name,u1_0.password,u1_0.role from user u1_0 where u1_0.email=?
Hibernate: select u1_0.id,u1_0.email,u1_0.first_name,u1_0.last_name,u1_0.password,u1_0.role from user u1_0 where u1_0.email=?
Hibernate: select u1_0.id,u1_0.email,u1_0.first_name,u1_0.last_name,u1_0.password,u1_0.role from user u1_0 where u1_0.email=?
2026-05-15T17:29:32.317+05:30 DEBUG 16192 --- [nio-8090-exec-3] o.s.web.servlet.DispatcherServlet        : GET "/css/bootstrap.min.css", parameters={}
2026-05-15T17:29:32.318+05:30 DEBUG 16192 --- [nio-8090-exec-3] o.s.w.s.handler.SimpleUrlHandlerMapping  : Mapped to ResourceHttpRequestHandler [classpath [META-INF/resources/], classpath [resources/], classpath [static/], classpath [public/], ServletContext [/]]
2026-05-15T17:29:32.321+05:30 DEBUG 16192 --- [nio-8090-exec-8] o.s.web.servlet.DispatcherServlet        : GET "/css/light-bootstrap-dashboard.css?v=1.4.0", parameters={masked}
2026-05-15T17:29:32.322+05:30 DEBUG 16192 --- [nio-8090-exec-8] o.s.w.s.handler.SimpleUrlHandlerMapping  : Mapped to ResourceHttpRequestHandler [classpath [META-INF/resources/], classpath [resources/], classpath [static/], classpath [public/], ServletContext [/]]
2026-05-15T17:29:32.335+05:30 DEBUG 16192 --- [nio-8090-exec-3] o.s.web.servlet.DispatcherServlet        : Completed 200 OK
2026-05-15T17:29:32.344+05:30 DEBUG 16192 --- [nio-8090-exec-8] o.s.web.servlet.DispatcherServlet        : Completed 200 OK
2026-05-15T17:29:32.394+05:30 DEBUG 16192 --- [nio-8090-exec-9] org.hibernate.SQL                        : select u1_0.id,u1_0.email,u1_0.first_name,u1_0.last_name,u1_0.password,u1_0.role from user u1_0 where u1_0.email=?
Hibernate: select u1_0.id,u1_0.email,u1_0.first_name,u1_0.last_name,u1_0.password,u1_0.role from user u1_0 where u1_0.email=?
2026-05-15T17:29:32.398+05:30 DEBUG 16192 --- [nio-8090-exec-9] o.s.web.servlet.DispatcherServlet        : GET "/favicon.ico", parameters={}
2026-05-15T17:29:32.399+05:30 DEBUG 16192 --- [nio-8090-exec-9] o.s.w.s.handler.SimpleUrlHandlerMapping  : Mapped to ResourceHttpRequestHandler [classpath [META-INF/resources/], classpath [resources/], classpath [static/], classpath [public/], ServletContext [/]]
2026-05-15T17:29:32.400+05:30 DEBUG 16192 --- [nio-8090-exec-9] o.s.w.s.r.ResourceHttpRequestHandler     : Resource not found
2026-05-15T17:29:32.401+05:30 DEBUG 16192 --- [nio-8090-exec-9] .w.s.m.s.DefaultHandlerExceptionResolver : Resolved [org.springframework.web.servlet.resource.NoResourceFoundException: No static resource favicon.ico.]
2026-05-15T17:29:32.401+05:30 DEBUG 16192 --- [nio-8090-exec-9] o.s.web.servlet.DispatcherServlet        : Completed 404 NOT_FOUND
2026-05-15T17:29:37.759+05:30 DEBUG 16192 --- [nio-8090-exec-5] org.hibernate.SQL                        : select u1_0.id,u1_0.email,u1_0.first_name,u1_0.last_name,u1_0.password,u1_0.role from user u1_0 where u1_0.email=?
Hibernate: select u1_0.id,u1_0.email,u1_0.first_name,u1_0.last_name,u1_0.password,u1_0.role from user u1_0 where u1_0.email=?
2026-05-15T17:29:37.770+05:30 DEBUG 16192 --- [nio-8090-exec-5] o.s.web.servlet.DispatcherServlet        : GET "/api/v1/auth/index", parameters={}
2026-05-15T17:29:37.770+05:30 DEBUG 16192 --- [nio-8090-exec-5] s.w.s.m.m.a.RequestMappingHandlerMapping : Mapped to com.jkshian.arms.controller.AuthenticationController#index(Model, Authentication, HttpServletRequest)
2026-05-15T17:29:37.771+05:30 DEBUG 16192 --- [nio-8090-exec-5] o.s.w.s.v.ContentNegotiatingViewResolver : Selected 'text/html' given [text/html, application/xhtml+xml, image/avif, image/webp, image/apng, application/xml;q=0.9, */*;q=0.8, application/signed-exchange;v=b3;q=0.7]
2026-05-15T17:29:37.776+05:30 DEBUG 16192 --- [nio-8090-exec-5] o.s.web.servlet.DispatcherServlet        : Completed 200 OK
2026-05-15T17:29:37.807+05:30 DEBUG 16192 --- [nio-8090-exec-7] org.hibernate.SQL                        : select u1_0.id,u1_0.email,u1_0.first_name,u1_0.last_name,u1_0.password,u1_0.role from user u1_0 where u1_0.email=?
Hibernate: select u1_0.id,u1_0.email,u1_0.first_name,u1_0.last_name,u1_0.password,u1_0.role from user u1_0 where u1_0.email=?
2026-05-15T17:29:37.818+05:30 DEBUG 16192 --- [nio-8090-exec-7] o.s.web.servlet.DispatcherServlet        : GET "/css/wingway-index.css", parameters={}
2026-05-15T17:29:37.818+05:30 DEBUG 16192 --- [nio-8090-exec-7] o.s.w.s.handler.SimpleUrlHandlerMapping  : Mapped to ResourceHttpRequestHandler [classpath [META-INF/resources/], classpath [resources/], classpath [static/], classpath [public/], ServletContext [/]]
2026-05-15T17:29:37.820+05:30 DEBUG 16192 --- [nio-8090-exec-4] org.hibernate.SQL                        : select u1_0.id,u1_0.email,u1_0.first_name,u1_0.last_name,u1_0.password,u1_0.role from user u1_0 where u1_0.email=?
Hibernate: select u1_0.id,u1_0.email,u1_0.first_name,u1_0.last_name,u1_0.password,u1_0.role from user u1_0 where u1_0.email=?
2026-05-15T17:29:37.829+05:30 DEBUG 16192 --- [nio-8090-exec-7] o.s.web.servlet.DispatcherServlet        : Completed 200 OK
2026-05-15T17:29:37.829+05:30 DEBUG 16192 --- [nio-8090-exec-4] o.s.web.servlet.DispatcherServlet        : GET "/js/auth.js", parameters={}
2026-05-15T17:29:37.832+05:30 DEBUG 16192 --- [nio-8090-exec-4] o.s.w.s.handler.SimpleUrlHandlerMapping  : Mapped to ResourceHttpRequestHandler [classpath [META-INF/resources/], classpath [resources/], classpath [static/], classpath [public/], ServletContext [/]]
2026-05-15T17:29:37.836+05:30 DEBUG 16192 --- [nio-8090-exec-4] o.s.web.servlet.DispatcherServlet        : Completed 200 OK
2026-05-15T17:29:37.960+05:30 DEBUG 16192 --- [nio-8090-exec-2] org.hibernate.SQL                        : select u1_0.id,u1_0.email,u1_0.first_name,u1_0.last_name,u1_0.password,u1_0.role from user u1_0 where u1_0.email=?
Hibernate: select u1_0.id,u1_0.email,u1_0.first_name,u1_0.last_name,u1_0.password,u1_0.role from user u1_0 where u1_0.email=?
2026-05-15T17:29:37.972+05:30 DEBUG 16192 --- [nio-8090-exec-2] o.s.web.servlet.DispatcherServlet        : GET "/favicon.ico", parameters={}
2026-05-15T17:29:37.972+05:30 DEBUG 16192 --- [nio-8090-exec-2] o.s.w.s.handler.SimpleUrlHandlerMapping  : Mapped to ResourceHttpRequestHandler [classpath [META-INF/resources/], classpath [resources/], classpath [static/], classpath [public/], ServletContext [/]]
2026-05-15T17:29:37.982+05:30 DEBUG 16192 --- [nio-8090-exec-2] o.s.w.s.r.ResourceHttpRequestHandler     : Resource not found
2026-05-15T17:29:37.984+05:30 DEBUG 16192 --- [nio-8090-exec-2] .w.s.m.s.DefaultHandlerExceptionResolver : Resolved [org.springframework.web.servlet.resource.NoResourceFoundException: No static resource favicon.ico.]
2026-05-15T17:29:37.984+05:30 DEBUG 16192 --- [nio-8090-exec-2] o.s.web.servlet.DispatcherServlet        : Completed 404 NOT_FOUND
2026-05-15T17:29:39.466+05:30 DEBUG 16192 --- [io-8090-exec-10] org.hibernate.SQL                        : select u1_0.id,u1_0.email,u1_0.first_name,u1_0.last_name,u1_0.password,u1_0.role from user u1_0 where u1_0.email=?
Hibernate: select u1_0.id,u1_0.email,u1_0.first_name,u1_0.last_name,u1_0.password,u1_0.role from user u1_0 where u1_0.email=?
2026-05-15T17:29:39.466+05:30 DEBUG 16192 --- [io-8090-exec-10] o.s.web.servlet.DispatcherServlet        : GET "/favicon.ico", parameters={}
2026-05-15T17:29:39.466+05:30 DEBUG 16192 --- [io-8090-exec-10] o.s.w.s.handler.SimpleUrlHandlerMapping  : Mapped to ResourceHttpRequestHandler [classpath [META-INF/resources/], classpath [resources/], classpath [static/], classpath [public/], ServletContext [/]]
2026-05-15T17:29:39.466+05:30 DEBUG 16192 --- [io-8090-exec-10] o.s.w.s.r.ResourceHttpRequestHandler     : Resource not found
2026-05-15T17:29:39.466+05:30 DEBUG 16192 --- [io-8090-exec-10] .w.s.m.s.DefaultHandlerExceptionResolver : Resolved [org.springframework.web.servlet.resource.NoResourceFoundException: No static resource favicon.ico.]
2026-05-15T17:29:39.466+05:30 DEBUG 16192 --- [io-8090-exec-10] o.s.web.servlet.DispatcherServlet        : Completed 404 NOT_FOUND
2026-05-15T17:29:42.137+05:30 DEBUG 16192 --- [nio-8090-exec-1] org.hibernate.SQL                        : select u1_0.id,u1_0.email,u1_0.first_name,u1_0.last_name,u1_0.password,u1_0.role from user u1_0 where u1_0.email=?
Hibernate: select u1_0.id,u1_0.email,u1_0.first_name,u1_0.last_name,u1_0.password,u1_0.role from user u1_0 where u1_0.email=?
2026-05-15T17:29:42.153+05:30 DEBUG 16192 --- [nio-8090-exec-1] o.s.web.servlet.DispatcherServlet        : GET "/api/v1/demo-controller/admin/notifications", parameters={}
2026-05-15T17:29:42.153+05:30 DEBUG 16192 --- [nio-8090-exec-1] s.w.s.m.m.a.RequestMappingHandlerMapping : Mapped to com.jkshian.arms.demo.DemoController#notificationsPage()
2026-05-15T17:29:42.161+05:30 DEBUG 16192 --- [nio-8090-exec-1] o.s.web.servlet.DispatcherServlet        : Failed to complete request: org.springframework.security.authorization.AuthorizationDeniedException: Access Denied
2026-05-15T17:29:44.139+05:30 DEBUG 16192 --- [nio-8090-exec-6] org.hibernate.SQL                        : select u1_0.id,u1_0.email,u1_0.first_name,u1_0.last_name,u1_0.password,u1_0.role from user u1_0 where u1_0.email=?
Hibernate: select u1_0.id,u1_0.email,u1_0.first_name,u1_0.last_name,u1_0.password,u1_0.role from user u1_0 where u1_0.email=?
2026-05-15T17:29:44.247+05:30 DEBUG 16192 --- [nio-8090-exec-6] o.s.web.servlet.DispatcherServlet        : GET "/api/v1/auth/index", parameters={}
2026-05-15T17:29:44.323+05:30 DEBUG 16192 --- [nio-8090-exec-6] s.w.s.m.m.a.RequestMappingHandlerMapping : Mapped to com.jkshian.arms.controller.AuthenticationController#index(Model, Authentication, HttpServletRequest)
2026-05-15T17:29:44.324+05:30 DEBUG 16192 --- [nio-8090-exec-6] o.s.w.s.v.ContentNegotiatingViewResolver : Selected 'text/html' given [text/html, application/xhtml+xml, image/avif, image/webp, image/apng, application/xml;q=0.9, */*;q=0.8, application/signed-exchange;v=b3;q=0.7]
2026-05-15T17:29:44.562+05:30 DEBUG 16192 --- [nio-8090-exec-8] org.hibernate.SQL                        : select u1_0.id,u1_0.email,u1_0.first_name,u1_0.last_name,u1_0.password,u1_0.role from user u1_0 where u1_0.email=?
2026-05-15T17:29:44.698+05:30 DEBUG 16192 --- [nio-8090-exec-6] o.s.web.servlet.DispatcherServlet        : Completed 200 OK
Hibernate: select u1_0.id,u1_0.email,u1_0.first_name,u1_0.last_name,u1_0.password,u1_0.role from user u1_0 where u1_0.email=?
2026-05-15T17:29:44.751+05:30 DEBUG 16192 --- [nio-8090-exec-8] o.s.web.servlet.DispatcherServlet        : GET "/images/Jaipur.png", parameters={}
2026-05-15T17:29:44.753+05:30 DEBUG 16192 --- [nio-8090-exec-8] o.s.w.s.handler.SimpleUrlHandlerMapping  : Mapped to ResourceHttpRequestHandler [classpath [META-INF/resources/], classpath [resources/], classpath [static/], classpath [public/], ServletContext [/]]
2026-05-15T17:29:45.871+05:30 DEBUG 16192 --- [nio-8090-exec-9] org.hibernate.SQL                        : select u1_0.id,u1_0.email,u1_0.first_name,u1_0.last_name,u1_0.password,u1_0.role from user u1_0 where u1_0.email=?
Hibernate: select u1_0.id,u1_0.email,u1_0.first_name,u1_0.last_name,u1_0.password,u1_0.role from user u1_0 where u1_0.email=?
2026-05-15T17:29:45.876+05:30 DEBUG 16192 --- [nio-8090-exec-3] org.hibernate.SQL                        : select u1_0.id,u1_0.email,u1_0.first_name,u1_0.last_name,u1_0.password,u1_0.role from user u1_0 where u1_0.email=?
2026-05-15T17:29:45.877+05:30 DEBUG 16192 --- [nio-8090-exec-5] org.hibernate.SQL                        : select u1_0.id,u1_0.email,u1_0.first_name,u1_0.last_name,u1_0.password,u1_0.role from user u1_0 where u1_0.email=?
Hibernate: select u1_0.id,u1_0.email,u1_0.first_name,u1_0.last_name,u1_0.password,u1_0.role from user u1_0 where u1_0.email=?
Hibernate: select u1_0.id,u1_0.email,u1_0.first_name,u1_0.last_name,u1_0.password,u1_0.role from user u1_0 where u1_0.email=?
2026-05-15T17:29:45.878+05:30 DEBUG 16192 --- [nio-8090-exec-4] org.hibernate.SQL                        : select u1_0.id,u1_0.email,u1_0.first_name,u1_0.last_name,u1_0.password,u1_0.role from user u1_0 where u1_0.email=?
2026-05-15T17:29:45.878+05:30 DEBUG 16192 --- [nio-8090-exec-7] org.hibernate.SQL                        : select u1_0.id,u1_0.email,u1_0.first_name,u1_0.last_name,u1_0.password,u1_0.role from user u1_0 where u1_0.email=?
Hibernate: select u1_0.id,u1_0.email,u1_0.first_name,u1_0.last_name,u1_0.password,u1_0.role from user u1_0 where u1_0.email=?
Hibernate: select u1_0.id,u1_0.email,u1_0.first_name,u1_0.last_name,u1_0.password,u1_0.role from user u1_0 where u1_0.email=?
2026-05-15T17:29:45.931+05:30 DEBUG 16192 --- [nio-8090-exec-9] o.s.web.servlet.DispatcherServlet        : GET "/images/HeroSection.png", parameters={}
2026-05-15T17:29:45.936+05:30 DEBUG 16192 --- [nio-8090-exec-9] o.s.w.s.handler.SimpleUrlHandlerMapping  : Mapped to ResourceHttpRequestHandler [classpath [META-INF/resources/], classpath [resources/], classpath [static/], classpath [public/], ServletContext [/]]
2026-05-15T17:29:45.965+05:30 DEBUG 16192 --- [nio-8090-exec-7] o.s.web.servlet.DispatcherServlet        : GET "/images/Singapore.png", parameters={}
2026-05-15T17:29:45.965+05:30 DEBUG 16192 --- [nio-8090-exec-5] o.s.web.servlet.DispatcherServlet        : GET "/images/Phuket.png", parameters={}
2026-05-15T17:29:45.966+05:30 DEBUG 16192 --- [nio-8090-exec-7] o.s.w.s.handler.SimpleUrlHandlerMapping  : Mapped to ResourceHttpRequestHandler [classpath [META-INF/resources/], classpath [resources/], classpath [static/], classpath [public/], ServletContext [/]]
2026-05-15T17:29:45.967+05:30 DEBUG 16192 --- [nio-8090-exec-5] o.s.w.s.handler.SimpleUrlHandlerMapping  : Mapped to ResourceHttpRequestHandler [classpath [META-INF/resources/], classpath [resources/], classpath [static/], classpath [public/], ServletContext [/]]
2026-05-15T17:29:45.978+05:30 DEBUG 16192 --- [nio-8090-exec-3] o.s.web.servlet.DispatcherServlet        : GET "/css/wingway-index.css", parameters={}
2026-05-15T17:29:45.999+05:30 DEBUG 16192 --- [nio-8090-exec-4] o.s.web.servlet.DispatcherServlet        : GET "/images/Goa.png", parameters={}
2026-05-15T17:29:46.006+05:30 DEBUG 16192 --- [nio-8090-exec-4] o.s.w.s.handler.SimpleUrlHandlerMapping  : Mapped to ResourceHttpRequestHandler [classpath [META-INF/resources/], classpath [resources/], classpath [static/], classpath [public/], ServletContext [/]]
2026-05-15T17:29:46.006+05:30 DEBUG 16192 --- [nio-8090-exec-3] o.s.w.s.handler.SimpleUrlHandlerMapping  : Mapped to ResourceHttpRequestHandler [classpath [META-INF/resources/], classpath [resources/], classpath [static/], classpath [public/], ServletContext [/]]
2026-05-15T17:29:46.028+05:30 DEBUG 16192 --- [nio-8090-exec-3] o.s.web.servlet.DispatcherServlet        : Completed 200 OK
2026-05-15T17:29:46.141+05:30 DEBUG 16192 --- [nio-8090-exec-5] o.s.web.servlet.DispatcherServlet        : Completed 200 OK
2026-05-15T17:29:46.128+05:30 DEBUG 16192 --- [nio-8090-exec-2] org.hibernate.SQL                        : select u1_0.id,u1_0.email,u1_0.first_name,u1_0.last_name,u1_0.password,u1_0.role from user u1_0 where u1_0.email=?
Hibernate: select u1_0.id,u1_0.email,u1_0.first_name,u1_0.last_name,u1_0.password,u1_0.role from user u1_0 where u1_0.email=?
2026-05-15T17:29:46.155+05:30 DEBUG 16192 --- [nio-8090-exec-2] o.s.web.servlet.DispatcherServlet        : GET "/js/auth.js", parameters={}
2026-05-15T17:29:46.156+05:30 DEBUG 16192 --- [nio-8090-exec-2] o.s.w.s.handler.SimpleUrlHandlerMapping  : Mapped to ResourceHttpRequestHandler [classpath [META-INF/resources/], classpath [resources/], classpath [static/], classpath [public/], ServletContext [/]]
2026-05-15T17:29:46.211+05:30 DEBUG 16192 --- [nio-8090-exec-2] o.s.web.servlet.DispatcherServlet        : Completed 200 OK
2026-05-15T17:29:46.272+05:30 DEBUG 16192 --- [io-8090-exec-10] org.hibernate.SQL                        : select u1_0.id,u1_0.email,u1_0.first_name,u1_0.last_name,u1_0.password,u1_0.role from user u1_0 where u1_0.email=?
Hibernate: select u1_0.id,u1_0.email,u1_0.first_name,u1_0.last_name,u1_0.password,u1_0.role from user u1_0 where u1_0.email=?
2026-05-15T17:29:46.279+05:30 DEBUG 16192 --- [io-8090-exec-10] o.s.web.servlet.DispatcherServlet        : GET "/images/Hanoi.png", parameters={}
2026-05-15T17:29:46.281+05:30 DEBUG 16192 --- [io-8090-exec-10] o.s.w.s.handler.SimpleUrlHandlerMapping  : Mapped to ResourceHttpRequestHandler [classpath [META-INF/resources/], classpath [resources/], classpath [static/], classpath [public/], ServletContext [/]]
2026-05-15T17:29:46.327+05:30 DEBUG 16192 --- [nio-8090-exec-9] o.s.web.servlet.DispatcherServlet        : Completed 200 OK
2026-05-15T17:29:46.711+05:30 DEBUG 16192 --- [nio-8090-exec-1] org.hibernate.SQL                        : select u1_0.id,u1_0.email,u1_0.first_name,u1_0.last_name,u1_0.password,u1_0.role from user u1_0 where u1_0.email=?
Hibernate: select u1_0.id,u1_0.email,u1_0.first_name,u1_0.last_name,u1_0.password,u1_0.role from user u1_0 where u1_0.email=?
2026-05-15T17:29:46.876+05:30 DEBUG 16192 --- [nio-8090-exec-4] o.s.web.servlet.DispatcherServlet        : Completed 200 OK
2026-05-15T17:29:46.910+05:30 DEBUG 16192 --- [nio-8090-exec-1] o.s.web.servlet.DispatcherServlet        : GET "/images/Baku.png", parameters={}
2026-05-15T17:29:46.918+05:30 DEBUG 16192 --- [nio-8090-exec-1] o.s.w.s.handler.SimpleUrlHandlerMapping  : Mapped to ResourceHttpRequestHandler [classpath [META-INF/resources/], classpath [resources/], classpath [static/], classpath [public/], ServletContext [/]]
2026-05-15T17:29:46.970+05:30 DEBUG 16192 --- [nio-8090-exec-6] org.hibernate.SQL                        : select u1_0.id,u1_0.email,u1_0.first_name,u1_0.last_name,u1_0.password,u1_0.role from user u1_0 where u1_0.email=?
Hibernate: select u1_0.id,u1_0.email,u1_0.first_name,u1_0.last_name,u1_0.password,u1_0.role from user u1_0 where u1_0.email=?
2026-05-15T17:29:47.258+05:30 DEBUG 16192 --- [nio-8090-exec-3] org.hibernate.SQL                        : select u1_0.id,u1_0.email,u1_0.first_name,u1_0.last_name,u1_0.password,u1_0.role from user u1_0 where u1_0.email=?
Hibernate: select u1_0.id,u1_0.email,u1_0.first_name,u1_0.last_name,u1_0.password,u1_0.role from user u1_0 where u1_0.email=?
2026-05-15T17:29:47.269+05:30 DEBUG 16192 --- [nio-8090-exec-6] o.s.web.servlet.DispatcherServlet        : GET "/images/Dubai.png", parameters={}
2026-05-15T17:29:47.280+05:30 DEBUG 16192 --- [nio-8090-exec-6] o.s.w.s.handler.SimpleUrlHandlerMapping  : Mapped to ResourceHttpRequestHandler [classpath [META-INF/resources/], classpath [resources/], classpath [static/], classpath [public/], ServletContext [/]]
2026-05-15T17:29:47.305+05:30 DEBUG 16192 --- [nio-8090-exec-3] o.s.web.servlet.DispatcherServlet        : GET "/images/Delhi.png", parameters={}
2026-05-15T17:29:47.322+05:30 DEBUG 16192 --- [nio-8090-exec-3] o.s.w.s.handler.SimpleUrlHandlerMapping  : Mapped to ResourceHttpRequestHandler [classpath [META-INF/resources/], classpath [resources/], classpath [static/], classpath [public/], ServletContext [/]]
2026-05-15T17:29:47.434+05:30 DEBUG 16192 --- [nio-8090-exec-3] o.s.web.servlet.DispatcherServlet        : Completed 200 OK
2026-05-15T17:29:47.450+05:30 DEBUG 16192 --- [io-8090-exec-10] o.s.web.servlet.DispatcherServlet        : Completed 200 OK
2026-05-15T17:29:47.536+05:30 DEBUG 16192 --- [nio-8090-exec-6] o.s.web.servlet.DispatcherServlet        : Completed 200 OK
2026-05-15T17:29:47.736+05:30 DEBUG 16192 --- [nio-8090-exec-5] org.hibernate.SQL                        : select u1_0.id,u1_0.email,u1_0.first_name,u1_0.last_name,u1_0.password,u1_0.role from user u1_0 where u1_0.email=?
Hibernate: select u1_0.id,u1_0.email,u1_0.first_name,u1_0.last_name,u1_0.password,u1_0.role from user u1_0 where u1_0.email=?
2026-05-15T17:29:47.792+05:30 DEBUG 16192 --- [nio-8090-exec-5] o.s.web.servlet.DispatcherServlet        : GET "/images/Amsterdam.png", parameters={}
2026-05-15T17:29:47.794+05:30 DEBUG 16192 --- [nio-8090-exec-5] o.s.w.s.handler.SimpleUrlHandlerMapping  : Mapped to ResourceHttpRequestHandler [classpath [META-INF/resources/], classpath [resources/], classpath [static/], classpath [public/], ServletContext [/]]
2026-05-15T17:29:47.815+05:30 DEBUG 16192 --- [nio-8090-exec-2] org.hibernate.SQL                        : select u1_0.id,u1_0.email,u1_0.first_name,u1_0.last_name,u1_0.password,u1_0.role from user u1_0 where u1_0.email=?
Hibernate: select u1_0.id,u1_0.email,u1_0.first_name,u1_0.last_name,u1_0.password,u1_0.role from user u1_0 where u1_0.email=?
2026-05-15T17:29:47.911+05:30 DEBUG 16192 --- [nio-8090-exec-2] o.s.web.servlet.DispatcherServlet        : GET "/images/Agra.png", parameters={}
2026-05-15T17:29:47.918+05:30 DEBUG 16192 --- [nio-8090-exec-2] o.s.w.s.handler.SimpleUrlHandlerMapping  : Mapped to ResourceHttpRequestHandler [classpath [META-INF/resources/], classpath [resources/], classpath [static/], classpath [public/], ServletContext [/]]
2026-05-15T17:29:48.040+05:30 DEBUG 16192 --- [nio-8090-exec-2] o.s.web.servlet.DispatcherServlet        : Completed 200 OK
2026-05-15T17:29:47.992+05:30 DEBUG 16192 --- [nio-8090-exec-5] o.s.web.servlet.DispatcherServlet        : Completed 200 OK
2026-05-15T17:29:48.208+05:30 DEBUG 16192 --- [nio-8090-exec-4] org.hibernate.SQL                        : select u1_0.id,u1_0.email,u1_0.first_name,u1_0.last_name,u1_0.password,u1_0.role from user u1_0 where u1_0.email=?
Hibernate: select u1_0.id,u1_0.email,u1_0.first_name,u1_0.last_name,u1_0.password,u1_0.role from user u1_0 where u1_0.email=?
2026-05-15T17:29:48.239+05:30 DEBUG 16192 --- [nio-8090-exec-4] o.s.web.servlet.DispatcherServlet        : GET "/images/Bangkok.png", parameters={}
2026-05-15T17:29:48.241+05:30 DEBUG 16192 --- [nio-8090-exec-4] o.s.w.s.handler.SimpleUrlHandlerMapping  : Mapped to ResourceHttpRequestHandler [classpath [META-INF/resources/], classpath [resources/], classpath [static/], classpath [public/], ServletContext [/]]
2026-05-15T17:29:48.308+05:30 DEBUG 16192 --- [nio-8090-exec-9] org.hibernate.SQL                        : select u1_0.id,u1_0.email,u1_0.first_name,u1_0.last_name,u1_0.password,u1_0.role from user u1_0 where u1_0.email=?
Hibernate: select u1_0.id,u1_0.email,u1_0.first_name,u1_0.last_name,u1_0.password,u1_0.role from user u1_0 where u1_0.email=?
2026-05-15T17:29:48.343+05:30 DEBUG 16192 --- [nio-8090-exec-9] o.s.web.servlet.DispatcherServlet        : GET "/images/Paris.png", parameters={}
2026-05-15T17:29:48.344+05:30 DEBUG 16192 --- [nio-8090-exec-9] o.s.w.s.handler.SimpleUrlHandlerMapping  : Mapped to ResourceHttpRequestHandler [classpath [META-INF/resources/], classpath [resources/], classpath [static/], classpath [public/], ServletContext [/]]
2026-05-15T17:29:48.739+05:30 DEBUG 16192 --- [nio-8090-exec-9] o.s.web.servlet.DispatcherServlet        : Completed 200 OK
2026-05-15T17:29:48.919+05:30 DEBUG 16192 --- [nio-8090-exec-3] org.hibernate.SQL                        : select u1_0.id,u1_0.email,u1_0.first_name,u1_0.last_name,u1_0.password,u1_0.role from user u1_0 where u1_0.email=?
Hibernate: select u1_0.id,u1_0.email,u1_0.first_name,u1_0.last_name,u1_0.password,u1_0.role from user u1_0 where u1_0.email=?
2026-05-15T17:29:48.942+05:30 DEBUG 16192 --- [nio-8090-exec-3] o.s.web.servlet.DispatcherServlet        : GET "/images/London.png", parameters={}
2026-05-15T17:29:48.949+05:30 DEBUG 16192 --- [nio-8090-exec-3] o.s.w.s.handler.SimpleUrlHandlerMapping  : Mapped to ResourceHttpRequestHandler [classpath [META-INF/resources/], classpath [resources/], classpath [static/], classpath [public/], ServletContext [/]]
2026-05-15T17:29:49.105+05:30 DEBUG 16192 --- [nio-8090-exec-3] o.s.web.servlet.DispatcherServlet        : Completed 200 OK
2026-05-15T17:29:49.190+05:30 DEBUG 16192 --- [io-8090-exec-10] org.hibernate.SQL                        : select u1_0.id,u1_0.email,u1_0.first_name,u1_0.last_name,u1_0.password,u1_0.role from user u1_0 where u1_0.email=?
Hibernate: select u1_0.id,u1_0.email,u1_0.first_name,u1_0.last_name,u1_0.password,u1_0.role from user u1_0 where u1_0.email=?
2026-05-15T17:29:49.227+05:30 DEBUG 16192 --- [io-8090-exec-10] o.s.web.servlet.DispatcherServlet        : GET "/images/Guangzhou.png", parameters={}
2026-05-15T17:29:49.231+05:30 DEBUG 16192 --- [io-8090-exec-10] o.s.w.s.handler.SimpleUrlHandlerMapping  : Mapped to ResourceHttpRequestHandler [classpath [META-INF/resources/], classpath [resources/], classpath [static/], classpath [public/], ServletContext [/]]
2026-05-15T17:29:52.594+05:30 DEBUG 16192 --- [nio-8090-exec-6] org.hibernate.SQL                        : select u1_0.id,u1_0.email,u1_0.first_name,u1_0.last_name,u1_0.password,u1_0.role from user u1_0 where u1_0.email=?
Hibernate: select u1_0.id,u1_0.email,u1_0.first_name,u1_0.last_name,u1_0.password,u1_0.role from user u1_0 where u1_0.email=?
2026-05-15T17:29:52.602+05:30 DEBUG 16192 --- [nio-8090-exec-6] o.s.web.servlet.DispatcherServlet        : GET "/images/Plane.png", parameters={}
2026-05-15T17:29:52.602+05:30 DEBUG 16192 --- [nio-8090-exec-6] o.s.w.s.handler.SimpleUrlHandlerMapping  : Mapped to ResourceHttpRequestHandler [classpath [META-INF/resources/], classpath [resources/], classpath [static/], classpath [public/], ServletContext [/]]
2026-05-15T17:29:52.613+05:30 DEBUG 16192 --- [nio-8090-exec-6] o.s.web.servlet.DispatcherServlet        : Completed 200 OK
2026-05-15T17:29:52.630+05:30 DEBUG 16192 --- [nio-8090-exec-2] org.hibernate.SQL                        : select u1_0.id,u1_0.email,u1_0.first_name,u1_0.last_name,u1_0.password,u1_0.role from user u1_0 where u1_0.email=?
Hibernate: select u1_0.id,u1_0.email,u1_0.first_name,u1_0.last_name,u1_0.password,u1_0.role from user u1_0 where u1_0.email=?
2026-05-15T17:29:52.634+05:30 DEBUG 16192 --- [nio-8090-exec-2] o.s.web.servlet.DispatcherServlet        : GET "/images/Baggage.png", parameters={}
2026-05-15T17:29:52.636+05:30 DEBUG 16192 --- [nio-8090-exec-2] o.s.w.s.handler.SimpleUrlHandlerMapping  : Mapped to ResourceHttpRequestHandler [classpath [META-INF/resources/], classpath [resources/], classpath [static/], classpath [public/], ServletContext [/]]
2026-05-15T17:29:52.647+05:30 DEBUG 16192 --- [nio-8090-exec-2] o.s.web.servlet.DispatcherServlet        : Completed 200 OK
2026-05-15T17:29:52.668+05:30 DEBUG 16192 --- [nio-8090-exec-5] org.hibernate.SQL                        : select u1_0.id,u1_0.email,u1_0.first_name,u1_0.last_name,u1_0.password,u1_0.role from user u1_0 where u1_0.email=?
Hibernate: select u1_0.id,u1_0.email,u1_0.first_name,u1_0.last_name,u1_0.password,u1_0.role from user u1_0 where u1_0.email=?
2026-05-15T17:29:52.680+05:30 DEBUG 16192 --- [nio-8090-exec-5] o.s.web.servlet.DispatcherServlet        : GET "/images/Ticket.png", parameters={}
2026-05-15T17:29:52.682+05:30 DEBUG 16192 --- [nio-8090-exec-5] o.s.w.s.handler.SimpleUrlHandlerMapping  : Mapped to ResourceHttpRequestHandler [classpath [META-INF/resources/], classpath [resources/], classpath [static/], classpath [public/], ServletContext [/]]
2026-05-15T17:29:52.977+05:30 DEBUG 16192 --- [nio-8090-exec-1] o.s.web.servlet.DispatcherServlet        : Completed 200 OK
2026-05-15T17:29:52.992+05:30 DEBUG 16192 --- [nio-8090-exec-9] org.hibernate.SQL                        : select u1_0.id,u1_0.email,u1_0.first_name,u1_0.last_name,u1_0.password,u1_0.role from user u1_0 where u1_0.email=?
Hibernate: select u1_0.id,u1_0.email,u1_0.first_name,u1_0.last_name,u1_0.password,u1_0.role from user u1_0 where u1_0.email=?
2026-05-15T17:29:53.013+05:30 DEBUG 16192 --- [nio-8090-exec-9] o.s.web.servlet.DispatcherServlet        : GET "/images/ContactUs.png", parameters={}
2026-05-15T17:29:53.014+05:30 DEBUG 16192 --- [nio-8090-exec-9] o.s.w.s.handler.SimpleUrlHandlerMapping  : Mapped to ResourceHttpRequestHandler [classpath [META-INF/resources/], classpath [resources/], classpath [static/], classpath [public/], ServletContext [/]]
2026-05-15T17:29:53.046+05:30 DEBUG 16192 --- [nio-8090-exec-9] o.s.web.servlet.DispatcherServlet        : Completed 200 OK
2026-05-15T17:29:53.334+05:30 DEBUG 16192 --- [nio-8090-exec-5] o.s.web.servlet.DispatcherServlet        : Completed 200 OK
2026-05-15T17:29:53.977+05:30 DEBUG 16192 --- [io-8090-exec-10] o.s.web.servlet.DispatcherServlet        : Completed 200 OK
2026-05-15T17:29:54.011+05:30 DEBUG 16192 --- [nio-8090-exec-4] o.s.web.servlet.DispatcherServlet        : Completed 200 OK
2026-05-15T17:29:54.031+05:30 DEBUG 16192 --- [nio-8090-exec-8] o.s.web.servlet.DispatcherServlet        : Completed 200 OK
2026-05-15T17:29:54.044+05:30 DEBUG 16192 --- [nio-8090-exec-7] o.s.web.servlet.DispatcherServlet        : Completed 200 OK
2026-05-15T17:29:54.425+05:30 DEBUG 16192 --- [nio-8090-exec-3] org.hibernate.SQL                        : select u1_0.id,u1_0.email,u1_0.first_name,u1_0.last_name,u1_0.password,u1_0.role from user u1_0 where u1_0.email=?
Hibernate: select u1_0.id,u1_0.email,u1_0.first_name,u1_0.last_name,u1_0.password,u1_0.role from user u1_0 where u1_0.email=?
2026-05-15T17:29:54.433+05:30 DEBUG 16192 --- [nio-8090-exec-3] o.s.web.servlet.DispatcherServlet        : GET "/favicon.ico", parameters={}
2026-05-15T17:29:54.436+05:30 DEBUG 16192 --- [nio-8090-exec-3] o.s.w.s.handler.SimpleUrlHandlerMapping  : Mapped to ResourceHttpRequestHandler [classpath [META-INF/resources/], classpath [resources/], classpath [static/], classpath [public/], ServletContext [/]]
2026-05-15T17:29:54.447+05:30 DEBUG 16192 --- [nio-8090-exec-3] o.s.w.s.r.ResourceHttpRequestHandler     : Resource not found
2026-05-15T17:29:54.457+05:30 DEBUG 16192 --- [nio-8090-exec-3] .w.s.m.s.DefaultHandlerExceptionResolver : Resolved [org.springframework.web.servlet.resource.NoResourceFoundException: No static resource favicon.ico.]
2026-05-15T17:29:54.458+05:30 DEBUG 16192 --- [nio-8090-exec-3] o.s.web.servlet.DispatcherServlet        : Completed 404 NOT_FOUND
2026-05-15T17:29:55.957+05:30 DEBUG 16192 --- [nio-8090-exec-6] o.s.web.servlet.DispatcherServlet        : GET "/api/v1/auth/index", parameters={}
2026-05-15T17:29:55.961+05:30 DEBUG 16192 --- [nio-8090-exec-6] s.w.s.m.m.a.RequestMappingHandlerMapping : Mapped to com.jkshian.arms.controller.AuthenticationController#index(Model, Authentication, HttpServletRequest)
2026-05-15T17:29:56.091+05:30 DEBUG 16192 --- [nio-8090-exec-6] o.s.w.s.v.ContentNegotiatingViewResolver : Selected 'text/html' given [text/html, application/xhtml+xml, image/avif, image/webp, image/apng, application/xml;q=0.9, */*;q=0.8, application/signed-exchange;v=b3;q=0.7]
2026-05-15T17:29:56.145+05:30 DEBUG 16192 --- [nio-8090-exec-6] o.s.web.servlet.DispatcherServlet        : Completed 200 OK
2026-05-15T17:29:56.322+05:30 DEBUG 16192 --- [nio-8090-exec-2] o.s.web.servlet.DispatcherServlet        : GET "/css/wingway-index.css", parameters={}
2026-05-15T17:29:56.329+05:30 DEBUG 16192 --- [nio-8090-exec-2] o.s.w.s.handler.SimpleUrlHandlerMapping  : Mapped to ResourceHttpRequestHandler [classpath [META-INF/resources/], classpath [resources/], classpath [static/], classpath [public/], ServletContext [/]]
2026-05-15T17:29:56.335+05:30 DEBUG 16192 --- [nio-8090-exec-9] o.s.web.servlet.DispatcherServlet        : GET "/images/Jaipur.png", parameters={}
2026-05-15T17:29:56.343+05:30 DEBUG 16192 --- [nio-8090-exec-9] o.s.w.s.handler.SimpleUrlHandlerMapping  : Mapped to ResourceHttpRequestHandler [classpath [META-INF/resources/], classpath [resources/], classpath [static/], classpath [public/], ServletContext [/]]
2026-05-15T17:29:56.413+05:30 DEBUG 16192 --- [nio-8090-exec-4] o.s.web.servlet.DispatcherServlet        : GET "/images/Goa.png", parameters={}
2026-05-15T17:29:56.339+05:30 DEBUG 16192 --- [io-8090-exec-10] o.s.web.servlet.DispatcherServlet        : GET "/images/Phuket.png", parameters={}
2026-05-15T17:29:56.442+05:30 DEBUG 16192 --- [nio-8090-exec-5] o.s.web.servlet.DispatcherServlet        : GET "/images/Singapore.png", parameters={}
2026-05-15T17:29:56.444+05:30 DEBUG 16192 --- [nio-8090-exec-2] o.s.web.servlet.DispatcherServlet        : Completed 200 OK
2026-05-15T17:29:56.452+05:30 DEBUG 16192 --- [nio-8090-exec-5] o.s.w.s.handler.SimpleUrlHandlerMapping  : Mapped to ResourceHttpRequestHandler [classpath [META-INF/resources/], classpath [resources/], classpath [static/], classpath [public/], ServletContext [/]]
2026-05-15T17:29:56.452+05:30 DEBUG 16192 --- [io-8090-exec-10] o.s.w.s.handler.SimpleUrlHandlerMapping  : Mapped to ResourceHttpRequestHandler [classpath [META-INF/resources/], classpath [resources/], classpath [static/], classpath [public/], ServletContext [/]]
2026-05-15T17:29:56.468+05:30 DEBUG 16192 --- [io-8090-exec-10] o.s.web.servlet.DispatcherServlet        : Completed 200 OK
2026-05-15T17:29:56.473+05:30 DEBUG 16192 --- [nio-8090-exec-4] o.s.w.s.handler.SimpleUrlHandlerMapping  : Mapped to ResourceHttpRequestHandler [classpath [META-INF/resources/], classpath [resources/], classpath [static/], classpath [public/], ServletContext [/]]
2026-05-15T17:29:56.477+05:30 DEBUG 16192 --- [nio-8090-exec-8] o.s.web.servlet.DispatcherServlet        : GET "/js/auth.js", parameters={}
2026-05-15T17:29:56.479+05:30 DEBUG 16192 --- [nio-8090-exec-8] o.s.w.s.handler.SimpleUrlHandlerMapping  : Mapped to ResourceHttpRequestHandler [classpath [META-INF/resources/], classpath [resources/], classpath [static/], classpath [public/], ServletContext [/]]
2026-05-15T17:29:56.504+05:30 DEBUG 16192 --- [nio-8090-exec-8] o.s.web.servlet.DispatcherServlet        : Completed 200 OK
2026-05-15T17:29:56.510+05:30 DEBUG 16192 --- [nio-8090-exec-3] o.s.web.servlet.DispatcherServlet        : GET "/images/Baku.png", parameters={}
2026-05-15T17:29:56.512+05:30 DEBUG 16192 --- [nio-8090-exec-3] o.s.w.s.handler.SimpleUrlHandlerMapping  : Mapped to ResourceHttpRequestHandler [classpath [META-INF/resources/], classpath [resources/], classpath [static/], classpath [public/], ServletContext [/]]
2026-05-15T17:29:56.569+05:30 DEBUG 16192 --- [nio-8090-exec-1] o.s.web.servlet.DispatcherServlet        : GET "/images/HeroSection.png", parameters={}
2026-05-15T17:29:56.497+05:30 DEBUG 16192 --- [nio-8090-exec-7] o.s.web.servlet.DispatcherServlet        : GET "/images/Hanoi.png", parameters={}
2026-05-15T17:29:56.577+05:30 DEBUG 16192 --- [nio-8090-exec-1] o.s.w.s.handler.SimpleUrlHandlerMapping  : Mapped to ResourceHttpRequestHandler [classpath [META-INF/resources/], classpath [resources/], classpath [static/], classpath [public/], ServletContext [/]]
2026-05-15T17:29:56.587+05:30 DEBUG 16192 --- [nio-8090-exec-7] o.s.w.s.handler.SimpleUrlHandlerMapping  : Mapped to ResourceHttpRequestHandler [classpath [META-INF/resources/], classpath [resources/], classpath [static/], classpath [public/], ServletContext [/]]
2026-05-15T17:29:56.780+05:30 DEBUG 16192 --- [nio-8090-exec-4] o.s.web.servlet.DispatcherServlet        : Completed 200 OK
2026-05-15T17:29:56.803+05:30 DEBUG 16192 --- [nio-8090-exec-1] o.s.web.servlet.DispatcherServlet        : Completed 200 OK
2026-05-15T17:29:56.843+05:30 DEBUG 16192 --- [nio-8090-exec-6] o.s.web.servlet.DispatcherServlet        : GET "/images/Dubai.png", parameters={}
2026-05-15T17:29:56.870+05:30 DEBUG 16192 --- [nio-8090-exec-6] o.s.w.s.handler.SimpleUrlHandlerMapping  : Mapped to ResourceHttpRequestHandler [classpath [META-INF/resources/], classpath [resources/], classpath [static/], classpath [public/], ServletContext [/]]
2026-05-15T17:29:56.872+05:30 DEBUG 16192 --- [nio-8090-exec-2] o.s.web.servlet.DispatcherServlet        : GET "/images/Delhi.png", parameters={}
2026-05-15T17:29:56.901+05:30 DEBUG 16192 --- [nio-8090-exec-2] o.s.w.s.handler.SimpleUrlHandlerMapping  : Mapped to ResourceHttpRequestHandler [classpath [META-INF/resources/], classpath [resources/], classpath [static/], classpath [public/], ServletContext [/]]
2026-05-15T17:29:56.911+05:30 DEBUG 16192 --- [nio-8090-exec-7] o.s.web.servlet.DispatcherServlet        : Completed 200 OK
2026-05-15T17:29:56.917+05:30 DEBUG 16192 --- [io-8090-exec-10] o.s.web.servlet.DispatcherServlet        : GET "/images/Amsterdam.png", parameters={}
2026-05-15T17:29:56.922+05:30 DEBUG 16192 --- [io-8090-exec-10] o.s.w.s.handler.SimpleUrlHandlerMapping  : Mapped to ResourceHttpRequestHandler [classpath [META-INF/resources/], classpath [resources/], classpath [static/], classpath [public/], ServletContext [/]]
2026-05-15T17:29:56.970+05:30 DEBUG 16192 --- [io-8090-exec-10] o.s.web.servlet.DispatcherServlet        : Completed 200 OK
2026-05-15T17:29:56.972+05:30 DEBUG 16192 --- [nio-8090-exec-8] o.s.web.servlet.DispatcherServlet        : GET "/images/Agra.png", parameters={}
2026-05-15T17:29:56.974+05:30 DEBUG 16192 --- [nio-8090-exec-8] o.s.w.s.handler.SimpleUrlHandlerMapping  : Mapped to ResourceHttpRequestHandler [classpath [META-INF/resources/], classpath [resources/], classpath [static/], classpath [public/], ServletContext [/]]
2026-05-15T17:29:56.975+05:30 DEBUG 16192 --- [nio-8090-exec-2] o.s.web.servlet.DispatcherServlet        : Completed 200 OK
2026-05-15T17:29:56.988+05:30 DEBUG 16192 --- [nio-8090-exec-2] o.s.web.servlet.DispatcherServlet        : GET "/images/Paris.png", parameters={}
2026-05-15T17:29:56.989+05:30 DEBUG 16192 --- [nio-8090-exec-2] o.s.w.s.handler.SimpleUrlHandlerMapping  : Mapped to ResourceHttpRequestHandler [classpath [META-INF/resources/], classpath [resources/], classpath [static/], classpath [public/], ServletContext [/]]
2026-05-15T17:29:57.026+05:30 DEBUG 16192 --- [nio-8090-exec-3] o.s.web.servlet.DispatcherServlet        : Completed 200 OK
2026-05-15T17:29:57.040+05:30 DEBUG 16192 --- [nio-8090-exec-3] o.s.web.servlet.DispatcherServlet        : GET "/images/Bangkok.png", parameters={}
2026-05-15T17:29:57.041+05:30 DEBUG 16192 --- [nio-8090-exec-3] o.s.w.s.handler.SimpleUrlHandlerMapping  : Mapped to ResourceHttpRequestHandler [classpath [META-INF/resources/], classpath [resources/], classpath [static/], classpath [public/], ServletContext [/]]
2026-05-15T17:29:57.084+05:30 DEBUG 16192 --- [nio-8090-exec-6] o.s.web.servlet.DispatcherServlet        : Completed 200 OK
2026-05-15T17:29:57.087+05:30 DEBUG 16192 --- [nio-8090-exec-4] o.s.web.servlet.DispatcherServlet        : GET "/images/Guangzhou.png", parameters={}
2026-05-15T17:29:57.087+05:30 DEBUG 16192 --- [nio-8090-exec-4] o.s.w.s.handler.SimpleUrlHandlerMapping  : Mapped to ResourceHttpRequestHandler [classpath [META-INF/resources/], classpath [resources/], classpath [static/], classpath [public/], ServletContext [/]]
2026-05-15T17:29:57.077+05:30 DEBUG 16192 --- [nio-8090-exec-8] o.s.web.servlet.DispatcherServlet        : Completed 200 OK
2026-05-15T17:29:57.094+05:30 DEBUG 16192 --- [nio-8090-exec-8] o.s.web.servlet.DispatcherServlet        : GET "/images/London.png", parameters={}
2026-05-15T17:29:57.096+05:30 DEBUG 16192 --- [nio-8090-exec-8] o.s.w.s.handler.SimpleUrlHandlerMapping  : Mapped to ResourceHttpRequestHandler [classpath [META-INF/resources/], classpath [resources/], classpath [static/], classpath [public/], ServletContext [/]]
2026-05-15T17:29:57.128+05:30 DEBUG 16192 --- [nio-8090-exec-2] o.s.web.servlet.DispatcherServlet        : Completed 200 OK
2026-05-15T17:29:57.141+05:30 DEBUG 16192 --- [nio-8090-exec-2] o.s.web.servlet.DispatcherServlet        : GET "/images/Plane.png", parameters={}
2026-05-15T17:29:57.142+05:30 DEBUG 16192 --- [nio-8090-exec-2] o.s.w.s.handler.SimpleUrlHandlerMapping  : Mapped to ResourceHttpRequestHandler [classpath [META-INF/resources/], classpath [resources/], classpath [static/], classpath [public/], ServletContext [/]]
2026-05-15T17:29:57.168+05:30 DEBUG 16192 --- [nio-8090-exec-2] o.s.web.servlet.DispatcherServlet        : Completed 200 OK
2026-05-15T17:29:57.259+05:30 DEBUG 16192 --- [nio-8090-exec-2] o.s.web.servlet.DispatcherServlet        : GET "/images/Baggage.png", parameters={}
2026-05-15T17:29:57.260+05:30 DEBUG 16192 --- [nio-8090-exec-2] o.s.w.s.handler.SimpleUrlHandlerMapping  : Mapped to ResourceHttpRequestHandler [classpath [META-INF/resources/], classpath [resources/], classpath [static/], classpath [public/], ServletContext [/]]
2026-05-15T17:29:57.350+05:30 DEBUG 16192 --- [nio-8090-exec-2] o.s.web.servlet.DispatcherServlet        : Completed 200 OK
2026-05-15T17:29:57.359+05:30 DEBUG 16192 --- [nio-8090-exec-8] o.s.web.servlet.DispatcherServlet        : Completed 200 OK
2026-05-15T17:29:57.366+05:30 DEBUG 16192 --- [nio-8090-exec-7] o.s.web.servlet.DispatcherServlet        : GET "/images/ContactUs.png", parameters={}
2026-05-15T17:29:57.367+05:30 DEBUG 16192 --- [nio-8090-exec-7] o.s.w.s.handler.SimpleUrlHandlerMapping  : Mapped to ResourceHttpRequestHandler [classpath [META-INF/resources/], classpath [resources/], classpath [static/], classpath [public/], ServletContext [/]]
2026-05-15T17:29:57.405+05:30 DEBUG 16192 --- [nio-8090-exec-1] o.s.web.servlet.DispatcherServlet        : GET "/images/Ticket.png", parameters={}
2026-05-15T17:29:57.407+05:30 DEBUG 16192 --- [nio-8090-exec-1] o.s.w.s.handler.SimpleUrlHandlerMapping  : Mapped to ResourceHttpRequestHandler [classpath [META-INF/resources/], classpath [resources/], classpath [static/], classpath [public/], ServletContext [/]]
2026-05-15T17:29:57.521+05:30 DEBUG 16192 --- [nio-8090-exec-7] o.s.web.servlet.DispatcherServlet        : Completed 200 OK
2026-05-15T17:29:57.734+05:30 DEBUG 16192 --- [nio-8090-exec-1] o.s.web.servlet.DispatcherServlet        : Completed 200 OK
2026-05-15T17:29:57.782+05:30 DEBUG 16192 --- [nio-8090-exec-3] o.s.web.servlet.DispatcherServlet        : Completed 200 OK
2026-05-15T17:29:57.786+05:30 DEBUG 16192 --- [nio-8090-exec-5] o.s.web.servlet.DispatcherServlet        : Completed 200 OK
2026-05-15T17:29:58.069+05:30 DEBUG 16192 --- [nio-8090-exec-4] o.s.web.servlet.DispatcherServlet        : Completed 200 OK
2026-05-15T17:29:58.125+05:30 DEBUG 16192 --- [nio-8090-exec-9] o.s.web.servlet.DispatcherServlet        : Completed 200 OK
2026-05-15T17:30:00.148+05:30 DEBUG 16192 --- [nio-8090-exec-6] o.s.web.servlet.DispatcherServlet        : GET "/api/v1/auth/login", parameters={}
2026-05-15T17:30:00.154+05:30 DEBUG 16192 --- [nio-8090-exec-6] s.w.s.m.m.a.RequestMappingHandlerMapping : Mapped to com.jkshian.arms.controller.AuthenticationController#login()
2026-05-15T17:30:00.165+05:30 DEBUG 16192 --- [nio-8090-exec-6] o.s.w.s.v.ContentNegotiatingViewResolver : Selected 'text/html' given [text/html, application/xhtml+xml, image/avif, image/webp, image/apng, application/xml;q=0.9, */*;q=0.8, application/signed-exchange;v=b3;q=0.7]
2026-05-15T17:30:00.172+05:30 DEBUG 16192 --- [nio-8090-exec-6] o.s.web.servlet.DispatcherServlet        : Completed 200 OK
2026-05-15T17:30:00.481+05:30 DEBUG 16192 --- [nio-8090-exec-2] o.s.web.servlet.DispatcherServlet        : GET "/css/style.css", parameters={}
2026-05-15T17:30:00.485+05:30 DEBUG 16192 --- [nio-8090-exec-8] o.s.web.servlet.DispatcherServlet        : GET "/js/auth.js", parameters={}
2026-05-15T17:30:00.504+05:30 DEBUG 16192 --- [nio-8090-exec-8] o.s.w.s.handler.SimpleUrlHandlerMapping  : Mapped to ResourceHttpRequestHandler [classpath [META-INF/resources/], classpath [resources/], classpath [static/], classpath [public/], ServletContext [/]]
2026-05-15T17:30:00.504+05:30 DEBUG 16192 --- [nio-8090-exec-2] o.s.w.s.handler.SimpleUrlHandlerMapping  : Mapped to ResourceHttpRequestHandler [classpath [META-INF/resources/], classpath [resources/], classpath [static/], classpath [public/], ServletContext [/]]
2026-05-15T17:30:00.771+05:30 DEBUG 16192 --- [nio-8090-exec-8] o.s.web.servlet.DispatcherServlet        : Completed 200 OK
2026-05-15T17:30:00.773+05:30 DEBUG 16192 --- [nio-8090-exec-2] o.s.web.servlet.DispatcherServlet        : Completed 200 OK
2026-05-15T17:30:42.392+05:30 DEBUG 16192 --- [nio-8090-exec-1] org.hibernate.SQL                        : select u1_0.id,u1_0.email,u1_0.first_name,u1_0.last_name,u1_0.password,u1_0.role from user u1_0 where u1_0.email=?
Hibernate: select u1_0.id,u1_0.email,u1_0.first_name,u1_0.last_name,u1_0.password,u1_0.role from user u1_0 where u1_0.email=?
2026-05-15T17:30:42.541+05:30 DEBUG 16192 --- [nio-8090-exec-1] o.s.web.servlet.DispatcherServlet        : GET "/api/v1/demo-controller/user/my-bookings", parameters={}
2026-05-15T17:30:42.541+05:30 DEBUG 16192 --- [nio-8090-exec-1] s.w.s.m.m.a.RequestMappingHandlerMapping : Mapped to com.jkshian.arms.demo.DemoController#myBookings(Model, Authentication)
2026-05-15T17:30:42.589+05:30 DEBUG 16192 --- [nio-8090-exec-1] org.hibernate.SQL                        : select b1_0.id,b1_0.aircraft_model,b1_0.airline,b1_0.arrival_time,b1_0.b_end,b1_0.b_num_ofseat,b1_0.b_start,b1_0.booking_reference,b1_0.class_type,b1_0.departure_time,b1_0.flight_number,b1_0.price,b1_0.seat_numbers,b1_0.user_email from booking b1_0 where b1_0.user_email=? order by b1_0.id desc
Hibernate: select b1_0.id,b1_0.aircraft_model,b1_0.airline,b1_0.arrival_time,b1_0.b_end,b1_0.b_num_ofseat,b1_0.b_start,b1_0.booking_reference,b1_0.class_type,b1_0.departure_time,b1_0.flight_number,b1_0.price,b1_0.seat_numbers,b1_0.user_email from booking b1_0 where b1_0.user_email=? order by b1_0.id desc
2026-05-15T17:30:42.620+05:30 DEBUG 16192 --- [nio-8090-exec-1] o.s.w.s.v.ContentNegotiatingViewResolver : Selected 'text/html' given [text/html, application/xhtml+xml, image/avif, image/webp, image/apng, application/xml;q=0.9, */*;q=0.8, application/signed-exchange;v=b3;q=0.7]
2026-05-15T17:30:42.659+05:30 DEBUG 16192 --- [nio-8090-exec-1] o.s.web.servlet.DispatcherServlet        : Completed 200 OK
2026-05-15T17:30:42.711+05:30 DEBUG 16192 --- [nio-8090-exec-5] org.hibernate.SQL                        : select u1_0.id,u1_0.email,u1_0.first_name,u1_0.last_name,u1_0.password,u1_0.role from user u1_0 where u1_0.email=?
2026-05-15T17:30:42.711+05:30 DEBUG 16192 --- [nio-8090-exec-3] org.hibernate.SQL                        : select u1_0.id,u1_0.email,u1_0.first_name,u1_0.last_name,u1_0.password,u1_0.role from user u1_0 where u1_0.email=?
Hibernate: select u1_0.id,u1_0.email,u1_0.first_name,u1_0.last_name,u1_0.password,u1_0.role from user u1_0 where u1_0.email=?
Hibernate: select u1_0.id,u1_0.email,u1_0.first_name,u1_0.last_name,u1_0.password,u1_0.role from user u1_0 where u1_0.email=?
2026-05-15T17:30:42.726+05:30 DEBUG 16192 --- [nio-8090-exec-5] o.s.web.servlet.DispatcherServlet        : GET "/css/bootstrap.min.css", parameters={}
2026-05-15T17:30:42.728+05:30 DEBUG 16192 --- [nio-8090-exec-5] o.s.w.s.handler.SimpleUrlHandlerMapping  : Mapped to ResourceHttpRequestHandler [classpath [META-INF/resources/], classpath [resources/], classpath [static/], classpath [public/], ServletContext [/]]
2026-05-15T17:30:42.729+05:30 DEBUG 16192 --- [nio-8090-exec-3] o.s.web.servlet.DispatcherServlet        : GET "/css/light-bootstrap-dashboard.css?v=1.4.0", parameters={masked}
2026-05-15T17:30:42.730+05:30 DEBUG 16192 --- [nio-8090-exec-3] o.s.w.s.handler.SimpleUrlHandlerMapping  : Mapped to ResourceHttpRequestHandler [classpath [META-INF/resources/], classpath [resources/], classpath [static/], classpath [public/], ServletContext [/]]
2026-05-15T17:30:42.745+05:30 DEBUG 16192 --- [nio-8090-exec-3] o.s.web.servlet.DispatcherServlet        : Completed 200 OK
2026-05-15T17:30:42.747+05:30 DEBUG 16192 --- [nio-8090-exec-5] o.s.web.servlet.DispatcherServlet        : Completed 200 OK
2026-05-15T17:30:42.787+05:30 DEBUG 16192 --- [nio-8090-exec-4] org.hibernate.SQL                        : select u1_0.id,u1_0.email,u1_0.first_name,u1_0.last_name,u1_0.password,u1_0.role from user u1_0 where u1_0.email=?
Hibernate: select u1_0.id,u1_0.email,u1_0.first_name,u1_0.last_name,u1_0.password,u1_0.role from user u1_0 where u1_0.email=?
2026-05-15T17:30:42.796+05:30 DEBUG 16192 --- [nio-8090-exec-4] o.s.web.servlet.DispatcherServlet        : GET "/favicon.ico", parameters={}
2026-05-15T17:30:42.796+05:30 DEBUG 16192 --- [nio-8090-exec-4] o.s.w.s.handler.SimpleUrlHandlerMapping  : Mapped to ResourceHttpRequestHandler [classpath [META-INF/resources/], classpath [resources/], classpath [static/], classpath [public/], ServletContext [/]]
2026-05-15T17:30:42.821+05:30 DEBUG 16192 --- [nio-8090-exec-4] o.s.w.s.r.ResourceHttpRequestHandler     : Resource not found
2026-05-15T17:30:42.827+05:30 DEBUG 16192 --- [nio-8090-exec-4] .w.s.m.s.DefaultHandlerExceptionResolver : Resolved [org.springframework.web.servlet.resource.NoResourceFoundException: No static resource favicon.ico.]
2026-05-15T17:30:42.828+05:30 DEBUG 16192 --- [nio-8090-exec-4] o.s.web.servlet.DispatcherServlet        : Completed 404 NOT_FOUND
2026-05-15T17:31:11.174+05:30 DEBUG 16192 --- [nio-8090-exec-9] org.hibernate.SQL                        : select u1_0.id,u1_0.email,u1_0.first_name,u1_0.last_name,u1_0.password,u1_0.role from user u1_0 where u1_0.email=?
Hibernate: select u1_0.id,u1_0.email,u1_0.first_name,u1_0.last_name,u1_0.password,u1_0.role from user u1_0 where u1_0.email=?
2026-05-15T17:31:11.189+05:30 DEBUG 16192 --- [nio-8090-exec-9] o.s.web.servlet.DispatcherServlet        : GET "/api/v1/auth/index", parameters={}
2026-05-15T17:31:11.189+05:30 DEBUG 16192 --- [nio-8090-exec-9] s.w.s.m.m.a.RequestMappingHandlerMapping : Mapped to com.jkshian.arms.controller.AuthenticationController#index(Model, Authentication, HttpServletRequest)
2026-05-15T17:31:11.191+05:30 DEBUG 16192 --- [nio-8090-exec-9] o.s.w.s.v.ContentNegotiatingViewResolver : Selected 'text/html' given [text/html, application/xhtml+xml, image/avif, image/webp, image/apng, application/xml;q=0.9, */*;q=0.8, application/signed-exchange;v=b3;q=0.7]
2026-05-15T17:31:11.195+05:30 DEBUG 16192 --- [nio-8090-exec-9] o.s.web.servlet.DispatcherServlet        : Completed 200 OK
2026-05-15T17:31:11.232+05:30 DEBUG 16192 --- [io-8090-exec-10] org.hibernate.SQL                        : select u1_0.id,u1_0.email,u1_0.first_name,u1_0.last_name,u1_0.password,u1_0.role from user u1_0 where u1_0.email=?
Hibernate: select u1_0.id,u1_0.email,u1_0.first_name,u1_0.last_name,u1_0.password,u1_0.role from user u1_0 where u1_0.email=?
2026-05-15T17:31:11.247+05:30 DEBUG 16192 --- [nio-8090-exec-6] org.hibernate.SQL                        : select u1_0.id,u1_0.email,u1_0.first_name,u1_0.last_name,u1_0.password,u1_0.role from user u1_0 where u1_0.email=?
Hibernate: select u1_0.id,u1_0.email,u1_0.first_name,u1_0.last_name,u1_0.password,u1_0.role from user u1_0 where u1_0.email=?
2026-05-15T17:31:11.248+05:30 DEBUG 16192 --- [io-8090-exec-10] o.s.web.servlet.DispatcherServlet        : GET "/css/wingway-index.css", parameters={}
2026-05-15T17:31:11.254+05:30 DEBUG 16192 --- [io-8090-exec-10] o.s.w.s.handler.SimpleUrlHandlerMapping  : Mapped to ResourceHttpRequestHandler [classpath [META-INF/resources/], classpath [resources/], classpath [static/], classpath [public/], ServletContext [/]]
2026-05-15T17:31:11.259+05:30 DEBUG 16192 --- [io-8090-exec-10] o.s.web.servlet.DispatcherServlet        : Completed 200 OK
2026-05-15T17:31:11.327+05:30 DEBUG 16192 --- [nio-8090-exec-6] o.s.web.servlet.DispatcherServlet        : GET "/js/auth.js", parameters={}
2026-05-15T17:31:11.327+05:30 DEBUG 16192 --- [nio-8090-exec-6] o.s.w.s.handler.SimpleUrlHandlerMapping  : Mapped to ResourceHttpRequestHandler [classpath [META-INF/resources/], classpath [resources/], classpath [static/], classpath [public/], ServletContext [/]]
2026-05-15T17:31:11.330+05:30 DEBUG 16192 --- [nio-8090-exec-6] o.s.web.servlet.DispatcherServlet        : Completed 200 OK
2026-05-15T17:31:12.119+05:30 DEBUG 16192 --- [nio-8090-exec-8] org.hibernate.SQL                        : select u1_0.id,u1_0.email,u1_0.first_name,u1_0.last_name,u1_0.password,u1_0.role from user u1_0 where u1_0.email=?
Hibernate: select u1_0.id,u1_0.email,u1_0.first_name,u1_0.last_name,u1_0.password,u1_0.role from user u1_0 where u1_0.email=?
2026-05-15T17:31:12.159+05:30 DEBUG 16192 --- [nio-8090-exec-8] o.s.web.servlet.DispatcherServlet        : GET "/favicon.ico", parameters={}
2026-05-15T17:31:12.163+05:30 DEBUG 16192 --- [nio-8090-exec-8] o.s.w.s.handler.SimpleUrlHandlerMapping  : Mapped to ResourceHttpRequestHandler [classpath [META-INF/resources/], classpath [resources/], classpath [static/], classpath [public/], ServletContext [/]]
2026-05-15T17:31:12.169+05:30 DEBUG 16192 --- [nio-8090-exec-8] o.s.w.s.r.ResourceHttpRequestHandler     : Resource not found
2026-05-15T17:31:12.170+05:30 DEBUG 16192 --- [nio-8090-exec-8] .w.s.m.s.DefaultHandlerExceptionResolver : Resolved [org.springframework.web.servlet.resource.NoResourceFoundException: No static resource favicon.ico.]
2026-05-15T17:31:12.170+05:30 DEBUG 16192 --- [nio-8090-exec-8] o.s.web.servlet.DispatcherServlet        : Completed 404 NOT_FOUND
[INFO] ------------------------------------------------------------------------
[INFO] BUILD FAILURE
[INFO] ------------------------------------------------------------------------
[INFO] Total time:  24:53 min
[INFO] Finished at: 2026-05-15T17:45:38+05:30
[INFO] ------------------------------------------------------------------------
[ERROR] Failed to execute goal org.springframework.boot:spring-boot-maven-plugin:3.5.0:run (default-cli) on project ARMS: Process terminated with exit code: -1 -> [Help 1]
[ERROR] 
[ERROR] To see the full stack trace of the errors, re-run Maven with the -e switch.
[ERROR] Re-run Maven using the -X switch to enable full debug logging.
[ERROR] 
[ERROR] For more information about the errors and possible solutions, please read the following articles:
[ERROR] [Help 1] http://cwiki.apache.org/confluence/display/MAVEN/MojoExecutionException
